generic_name,medical_condition,rx_otc
acetaminophen capsules and tablets,Pain,Rx/OTC
acetaminophen controlled-release tablets,Pain,Rx/OTC
acetaminophen dispersible tablets,Pain,Rx/OTC
acetaminophen liquid,Pain,Rx/OTC
acetaminophen suspension drops,Pain,Rx/OTC
acetaminophen and aspirin (buffered),Osteoarthritis,OTC
acetaminophen and dextromethorphan liquid,Colds & Flu,OTC
"acetaminophen, aspirin, caffeine, and salicylamide tablets",Migraine,Rx/OTC
"acetaminophen, aspirin, and caffeine powder packet",Migraine,OTC
"acetaminophen, aspirin, and caffeine tablets",Migraine,OTC
"acetaminophen, chlorpheniramine, dextromethorphan, phenylephrine liquid",Colds & Flu,OTC
"acetaminophen, chlorpheniramine, dextromethorphan, phenylephrine suspension",Colds & Flu,OTC
"acetaminophen, chlorpheniramine, dextromethorphan, and guaifenesin",Colds & Flu,OTC
"acetaminophen, chlorpheniramine, and dextromethorphan liquid and syrup",Colds & Flu,OTC
"acetaminophen, chlorpheniramine, and phenylephrine effervescent tablets",Colds & Flu,Rx/OTC
"acetaminophen, chlorpheniramine, and phenylephrine tablets",Colds & Flu,Rx/OTC
"acetaminophen, dextromethorphan, guaifenesin, phenylephrine caps & tabs",Colds & Flu,Rx/OTC
"acetaminophen, dextromethorphan, and doxylamine liquid",Colds & Flu,OTC
"acetaminophen, dextromethorphan, and phenylephrine capsules and tablets",Colds & Flu,OTC
"acetaminophen, dextromethorphan, and pseudoephedrine capsules and tablets",Colds & Flu,OTC
"acetaminophen, diphenhydramine, and phenylephrine liquid",Colds & Flu,Rx/OTC
"acetaminophen, diphenhydramine, and phenylephrine tablets",Colds & Flu,Rx/OTC
"acetaminophen, salicylamide, and phenyltoloxamine",Pain,Rx
acetaminophen/chlorpheniramine/dextromethorphan/phenylephrine caps & tabs,Colds & Flu,OTC
acetaminophen/chlorpheniramine/dextromethorphan/pseudoephedrine caps & tabs,Colds & Flu,OTC
acetaminophen/chlorpheniramine/dextromethorphan/pseudoephedrine liq & syrup,Colds & Flu,OTC
alprazolam oral solution,Anxiety,Rx
aluminum hydroxide and magnesium hydroxide chewable tablets,GERD (Heartburn),OTC
"aluminum hydroxide, magnesium hydroxide, and simethicone chewable tablets",GERD (Heartburn),OTC
"aluminum hydroxide, magnesium hydroxide, and simethicone suspension",GERD (Heartburn),OTC
amobarbital,Insomnia,Rx
aspirin enteric-coated and buffered tablets,Angina,Rx/OTC
aspirin tablets,Angina,Rx/OTC
aspirin and caffeine powder,Pain,OTC
aspirin and caffeine tablets,Pain,OTC
atenolol and chlorthalidone,Hypertension,Rx
bendroflumethiazide,Hypertension,Rx
benzocaine lozenges,Pain,Rx/OTC
benzocaine orally disintegrating tablets,Pain,Rx/OTC
benzocaine and docusate,Constipation,Rx/OTC
benzoyl peroxide cream,Acne,OTC
benzoyl peroxide pads with vitamin e capsules,Acne,Rx
benzoyl peroxide wash and cleanser,Acne,OTC
benzoyl peroxide wash and cleanser,Acne,Rx/OTC
benzoyl peroxide/sulfur gel,Acne,Rx
bisacodyl enema,Constipation,OTC
bisacodyl suppositories,Constipation,OTC
bisacodyl tablets,Constipation,OTC
brompheniramine and phenylephrine liquid,Hayfever,Rx/OTC
"covid-19 (coronavirus 2019) vaccine, moderna (koe vid (koe roe na vye rus) vax een) brand names: moderna covid-19 vaccine pf, spikevax covid-19 vaccine",Covid 19,Rx
"covid-19 (coronavirus 2019) vaccine, pfizer",Covid 19,Rx
"covid-19 (coronavirus 2019, 12y+) bivalent booster vaccine, pfizer",Covid 19,Rx
"covid-19 (coronavirus 2019, 5y-11) bivalent booster vaccine, pfizer",Covid 19,Rx
"covid-19 (coronavirus 2019, 6m-4y) vaccine, pfizer",Covid 19,Rx
"covid-19 (coronavirus 2019, 6m-5y) vaccine, moderna (koe vid (koe roe na vye rus) vax een) brand name: moderna covid-19 (6m-5y) vaccine pf",Covid 19,Rx
"covid-19 (coronavirus 2019, 6y-11y) vaccine, moderna (koe vid (koe roe na vye rus) vax een) brand name: moderna covid-19 (booster only) vaccine pf",Covid 19,Rx
"covid-19 vaccine, mrna",Covid 19,Rx
"caffeine brand names: nodoz , vivarin , revive, stay awake , enerjets, lucidex",Asthma,Rx/OTC
calcium carbonate capsules and tablets,Osteoporosis,OTC
calcium carbonate chewable tablets,GERD (Heartburn),OTC
calcium carbonate chewable tablets (antacid),GERD (Heartburn),OTC
calcium carbonate and simethicone,GERD (Heartburn),OTC
calcium citrate,Osteoporosis,Rx/OTC
calcium gluconate capsules and tablets,Osteoporosis,Rx/OTC
calcium lactate,Osteoporosis,Rx/OTC
calcium and vitamin d capsules and tablets,Osteoporosis,OTC
calcium and vitamin d chewable tablets,Osteoporosis,OTC
camphor cream and ointment,Colds & Flu,Rx/OTC
camphor inhalation liquid,Colds & Flu,Rx/OTC
"camphor and menthol cream, lotion, and ointment",Pain,OTC
camphor and menthol gel,Pain,OTC
camphor and menthol patch,Pain,OTC
"capsaicin cream, gel, liquid, and lotion",Osteoarthritis,Rx/OTC
"capsaicin cream, gel, liquid, and lotion",Pain,Rx/OTC
capsaicin patch,Pain,Rx/OTC
capsaicin in lidocaine cream,Osteoarthritis,Rx/OTC
chlophedianol and dexbrompheniramine,Colds & Flu,OTC
chlophedianol and pyrilamine,Colds & Flu,OTC
chloral hydrate capsules,Insomnia,Rx
chlorambucil brand name: leukeran,Cancer,Rx
chlorpheniramine and phenylephrine liquid,Colds & Flu,Rx/OTC
chlorpheniramine and pseudoephedrine liquid,Hayfever,Rx/OTC
"chlorpheniramine, pseudoephedrine, and codeine liquid",Colds & Flu,Rx/OTC
"chlorpheniramine, pseudoephedrine, and codeine suspension",Colds & Flu,Rx/OTC
coal tar and salicylic acid,Psoriasis,OTC
corticotropin,Allergies,Rx
dexamethasone tablets,Hayfever,Rx
dexbrompheniramine and acetaminophen caplets,Colds & Flu,OTC
dexbrompheniramine and pseudoephedrine sustained-release tablets,Colds & Flu,Rx/OTC
"dexchlorpheniramine, dextromethorphan, and pseudoephedrine liquid",Colds & Flu,Rx/OTC
diclofenac gel (1%),Osteoarthritis,Rx
diclofenac topical solution,Osteoarthritis,Rx
diphenhydramine (sleep aid) capsules and tablets,Insomnia,Rx/OTC
diphenhydramine (sleep aid) orally disintegrating tablets,Insomnia,Rx/OTC
diphenhydramine (topical),Pain,OTC
diphenhydramine capsules and tablets,Colds & Flu,Rx/OTC
diphenhydramine chewable tablets and orally-disintegrating tablets,Colds & Flu,Rx/OTC
docusate capsules and tablets,Constipation,Rx/OTC
docusate enema,Constipation,Rx/OTC
docusate liquid and syrup,Constipation,Rx/OTC
doxycycline injection,Acne,Rx
doxycycline tablets and capsules,Acne,Rx
doxylamine,Insomnia,Rx/OTC
"electrolyte oral solution, freezer-pops, and jell cups",Diarrhea,OTC
electrolyte tablets,Diarrhea,OTC
ephedrine and guaifenesin,Colds & Flu,Rx/OTC
ergotamine and caffeine suppositories,Migraine,Rx
esomeprazole delayed-release tablets,GERD (Heartburn),OTC
estrogens (esterified),Osteoporosis,Rx
ethinyl estradiol and drospirenone,Acne,Rx
ethinyl estradiol and norgestimate,Acne,Rx
famotidine chewable tablets,GERD (Heartburn),OTC
famotidine oral suspension,GERD (Heartburn),Rx
fenoprofen,Osteoarthritis,Rx
fentanyl transdermal system,Pain,Rx
fluticasone nasal spray,Hayfever,OTC
glyburide,Diabetes (Type 2),Rx
guaifenesin granules,Bronchitis,Rx/OTC
guaifenesin liquid,Bronchitis,Rx/OTC
guaifenesin tablets,Bronchitis,Rx/OTC
"guaifenesin, pseudoephedrine, and codeine",Colds & Flu,Rx/OTC
halobetasol cream and ointment with lactic acid cream,Eczema,Rx
hydrochlorothiazide and triamterene,Hypertension,Rx
hydrocodone and acetaminophen liquid,Pain,Rx
isotretinoin (systemic),Acne,Rx
ibuprofen capsules,Osteoarthritis,Rx/OTC
ibuprofen chewable tablets,Pain,Rx/OTC
ibuprofen and phenylephrine,Colds & Flu,OTC
insulin glargine (u-300) pens,Diabetes (Type 1),Rx
insulin lispro (u-200) pens,Diabetes (Type 1),Rx
iodoquinol,Eczema,Rx
iodoquinol and hydrocortisone cream,Eczema,Rx
ipratropium inhalation aerosol,Asthma,Rx
ipratropium inhalation solution,Asthma,Rx
levetiracetam extended-release tablets,Seizures,Rx
levetiracetam tablets,Seizures,Rx
lidocaine aerosol,Pain,OTC
lidocaine gel,Gastrointestinal,Rx/OTC
loratadine chewable tablets,Hayfever,Rx/OTC
magnesium hydroxide suspension,Acne,Rx/OTC
magnesium oxide,Constipation,Rx/OTC
magnesium salicylate,Pain,Rx/OTC
"menthol gel, liquid, and solution",Pain,Rx/OTC
menthol patch,Pain,Rx/OTC
"methenamine, phenyl salicylate, methylene blue, benzoic acid, hyoscyamine",UTI,Rx
"methenamine, sodium phos mono, phenyl salicylate, methyl blue, hyoscyamine",UTI,Rx
"methyl salicylate, menthol, and capsaicin cream and ointment",Pain,OTC
"methyl salicylate, menthol, and capsaicin lotion",Pain,OTC
methylfolate,Depression,Rx
metoprolol extended-release capsules,Angina,Rx
metoprolol and hydrochlorothiazide extended-release tablets,Hypertension,Rx
nabumetone,Osteoarthritis,Rx
penicillin v potassium oral solution,Pneumonia,Rx
pentafluoropropane and tetrafluoroethane,Pain,OTC
phenylephrine/ pyrilamine/ dextromethorphan syrup,Colds & Flu,Rx/OTC
phenylephrine/pyrilamine/dextromethorphan syrup,Colds & Flu,Rx/OTC
piperacillin,Pneumonia,Rx
polycarbophil tablets,Constipation,OTC
pramoxine gel,Pain,Rx/OTC
pramoxine lotion,Pain,Rx/OTC
"pramoxine and hydrocortisone cream, gel, and ointment",Psoriasis,Rx
pramoxine and hydrocortisone foam,Psoriasis,Rx
pramoxine and hydrocortisone rectal cream,Psoriasis,Rx
pramoxine and hydrocortisone rectal foam,Psoriasis,Rx
retin-a,Acne,Rx
"salicylic acid cream, gel, liquid, and lotion (acne)",Acne,Rx/OTC
salicylic acid pads (acne),Acne,Rx/OTC
salicylic acid pads and plaster (corns),Acne,Rx/OTC
simvastatin oral suspension,Cholesterol,Rx
sulfur and salicylic acid lotion,Acne,OTC
sulfur and salicylic acid shampoo,Acne,OTC
sulfur and salicylic acid soap,Acne,OTC
"sulfur and sulfacetamide cleanser, emulsion, and wash",Acne,Rx
sulfur and sulfacetamide cream and gel,Acne,Rx
sulfur and sulfacetamide foam,Acne,Rx
tofacitinib extended-release tablets,Rheumatoid Arthritis,Rx
triprolidine and phenylephrine syrup,Colds & Flu,OTC
triprolidine and phenylephrine syrup,Colds & Flu,Rx/OTC
triprolidine and pseudoephedrine liquid,Colds & Flu,Rx/OTC
"triprolidine, phenylephrine, and dextromethorphan syrup",Colds & Flu,OTC
trolamine cream and lotion,Osteoarthritis,OTC
trolamine cream and lotion,Pain,OTC
urea in ammonium lactate cream,Eczema,Rx/OTC
ustekinumab brand name: stelara,Psoriasis,Rx
vancomycin capsules,Pneumonia,Rx
vitamin e capsules and tablets,Alzheimer's,Rx/OTC
abacavir,AIDS/HIV,Rx
abacavir and lamivudine,AIDS/HIV,Rx
"abacavir, dolutegravir, and lamivudine",AIDS/HIV,Rx
"abacavir, lamivudine, and zidovudine",AIDS/HIV,Rx
abaloparatide,Osteoporosis,Rx
abatacept,Rheumatoid Arthritis,Rx
acarbose,Diabetes (Type 2),Rx
acebutolol,Hypertension,Rx
acetaminophen,Pain,Rx/OTC
acetaminophen (injection),Pain,Rx/OTC
"acetaminophen (oral route, rectal route)",Pain,Rx/OTC
acetaminophen (oral),Pain,Rx/OTC
acetaminophen (rectal),Pain,Rx/OTC
acetaminophen and benzhydrocodone,Pain,Rx
acetaminophen and caffeine,Colds & Flu,OTC
acetaminophen and chlorpheniramine,Colds & Flu,OTC
acetaminophen and codeine,Osteoarthritis,Rx
acetaminophen and dextromethorphan,Colds & Flu,OTC
acetaminophen and diphenhydramine,Insomnia,Rx/OTC
acetaminophen and hydrocodone,Pain,Rx
acetaminophen and ibuprofen,Pain,OTC
acetaminophen and oxycodone,Pain,Rx
acetaminophen and pseudoephedrine,Colds & Flu,Rx/OTC
acetaminophen and tramadol,Pain,Rx
"acetaminophen, aspirin, and caffeine",Migraine,OTC
"acetaminophen, aspirin, caffeine",Migraine,OTC
"acetaminophen, caffeine, and dihydrocodeine",Pain,Rx
"acetaminophen, chlorpheniramine, and dextromethorphan",Colds & Flu,OTC
"acetaminophen, chlorpheniramine, and phenylephrine",Colds & Flu,Rx/OTC
"acetaminophen, chlorpheniramine, dextromethorphan, and pseudoephedrine",Colds & Flu,OTC
"acetaminophen, dextromethorphan, and diphenhydramine",Colds & Flu,OTC
"acetaminophen, dextromethorphan, and doxylamine",Colds & Flu,OTC
"acetaminophen, dextromethorphan, and phenylephrine",Colds & Flu,OTC
"acetaminophen, dextromethorphan, and triprolidine",Colds & Flu,OTC
"acetaminophen, dextromethorphan, doxylamine, and phenylephrine",Colds & Flu,OTC
"acetaminophen, dextromethorphan, doxylamine, and pseudoephedrine",Colds & Flu,OTC
"acetaminophen, dextromethorphan, guaifenesin, and phenylephrine",Colds & Flu,Rx/OTC
"acetaminophen, dextromethorphan, guaifenesin, and pseudoephedrine",Colds & Flu,Rx/OTC
"acetaminophen, diphenhydramine, and phenylephrine",Colds & Flu,Rx/OTC
"acetaminophen, pheniramine, and phenylephrine",Colds & Flu,OTC
acetohydroxamic acid,UTI,Rx
acitretin,Psoriasis,Rx
aclidinium,COPD,Rx
aclidinium and formoterol,COPD,Rx
acrivastine and pseudoephedrine (oral route),Hayfever,Rx
acyclovir (oral),Herpes,Rx
acyclovir (topical route),Herpes,Rx
acyclovir (topical),Herpes,Rx
adalimumab,Psoriasis,Rx
adalimumab-adaz (subcutaneous route),Psoriasis,Rx
adalimumab-adbm (subcutaneous route),Psoriasis,Rx
adalimumab-afzb (subcutaneous route),Psoriasis,Rx
adalimumab-aqvh (subcutaneous route),Psoriasis,Rx
adalimumab-atto (subcutaneous route),Psoriasis,Rx
adalimumab-bwwd (subcutaneous route),Psoriasis,Rx
adalimumab-fkjp (subcutaneous route),Psoriasis,Rx
adapalene and benzoyl peroxide (topical),Acne,Rx
adapalene topical,Acne,Rx/OTC
aducanumab,Alzheimer's,Rx
aducanumab-avwa,Alzheimer's,Rx
albiglutide,Diabetes (Type 2),Rx
alclometasone topical,Eczema,Rx
alemtuzumab,Rheumatoid Arthritis,Rx
alendronate,Osteoporosis,Rx
alendronate and cholecalciferol,Osteoporosis,Rx
alirocumab,Cholesterol,Rx
aliskiren,Hypertension,Rx
"allantoin, camphor, and phenol (topical)",Herpes,OTC
allopurinol,Gout,Rx
allopurinol (intravenous route),Gout,Rx
allopurinol (oral route),Gout,Rx
almotriptan,Migraine,Rx
"aloe polysaccharides, hydrocortisone, and iodoquinol (topical)",Eczema,Rx
alogliptin,Diabetes (Type 2),Rx
alogliptin and metformin,Diabetes (Type 2),Rx
alogliptin and pioglitazone,Diabetes (Type 2),Rx
alprazolam,Anxiety,Rx
alprostadil,Erectile Dysfunction,Rx
alprostadil (injectable and transurethral),Erectile Dysfunction,Rx
alteplase,Stroke,Rx
aluminum hydroxide,GERD (Heartburn),Rx/OTC
aluminum hydroxide and magnesium carbonate,GERD (Heartburn),OTC
"aluminum hydroxide, magnesium hydroxide, and simethicone",GERD (Heartburn),OTC
alvimopan,Gastrointestinal,Rx
amantadine,ADHD,Rx
amcinonide topical,Eczema,Rx
amikacin,Pneumonia,Rx
amikacin (injection route),Pneumonia,Rx
amiloride,Hypertension,Rx
amisulpride,Schizophrenia,Rx
amitriptyline,Depression,Rx
amitriptyline and chlordiazepoxide,Anxiety,Rx
amitriptyline and perphenazine,Anxiety,Rx
amlodipine,Angina,Rx
amlodipine (oral route),Angina,Rx
amlodipine and atorvastatin,Angina,Rx
amlodipine and benazepril,Hypertension,Rx
amlodipine and celecoxib,Hypertension,Rx
amlodipine and olmesartan,Hypertension,Rx
amlodipine and perindopril,Hypertension,Rx
amlodipine and telmisartan,Hypertension,Rx
amlodipine and valsartan,Hypertension,Rx
"amlodipine, hydrochlorothiazide, and olmesartan",Hypertension,Rx
"amlodipine, hydrochlorothiazide, and valsartan",Hypertension,Rx
ammonium lactate and urea (topical),Eczema,Rx/OTC
amoxapine,Depression,Rx
amoxicillin,Bronchitis,Rx
amoxicillin (oral route),Bronchitis,Rx
amoxicillin and clavulanate (oral route),Bronchitis,Rx
amoxicillin and clavulanate potassium,Bronchitis,Rx
amphetamine,ADHD,Rx
amphetamine and dextroamphetamine,ADHD,Rx
amphetamine and dextroamphetamine mixed salts,ADHD,Rx
ampicillin (oral),Bronchitis,Rx
ampicillin and sulbactam,Pneumonia,Rx
anakinra,Covid 19,Rx
anthralin (topical route),Psoriasis,Rx
aripiprazole,Bipolar Disorder,Rx
aripiprazole (injection),Schizophrenia,Rx
aripiprazole (oral with sensor),Bipolar Disorder,Rx
aripiprazole (oral),Bipolar Disorder,Rx
aripiprazole lauroxil (intramuscular route),Schizophrenia,Rx
armodafinil,ADHD,Rx
asenapine (sublingual),Bipolar Disorder,Rx
asenapine (transdermal),Schizophrenia,Rx
aspirin (oral route),Angina,Rx
aspirin (oral route),Angina,Rx/OTC
aspirin (oral),Angina,Rx/OTC
aspirin and caffeine,Pain,OTC
aspirin and oxycodone,Pain,Rx
"aspirin, butalbital, and caffeine",Migraine,Rx
"aspirin, carisoprodol, and codeine",Pain,Rx
"aspirin, chlorpheniramine, and phenylephrine",Colds & Flu,OTC
atazanavir,AIDS/HIV,Rx
atazanavir and cobicistat,AIDS/HIV,Rx
atenolol,Angina,Rx
atenolol and chlorthalidone,Hypertension,Rx
atomoxetine,ADHD,Rx
atorvastatin,Cholesterol,Rx
atropine and diphenoxylate,Diarrhea,Rx
"atropine, hyoscyamine, methenamine, methylene blue, phenyl salicylate, and benzoic acid (oral route)",UTI,Rx
auranofin,Rheumatoid Arthritis,Rx
avanafil,Erectile Dysfunction,Rx
avibactam and ceftazidime,Pneumonia,Rx
azathioprine,Eczema,Rx
azathioprine,IBD (Bowel),Rx
azelaic acid topical,Acne,Rx
azelastine and fluticasone nasal,Hayfever,Rx
azelastine hydrochloride,Hayfever,OTC
azelastine nasal,Hayfever,Rx
azelastine nasal,Hayfever,Rx/OTC
azilsartan,Hypertension,Rx
azilsartan and chlorthalidone,Hypertension,Rx
azilsartan medoxomil,Hypertension,Rx
azithromycin,Bronchitis,Rx
azithromycin (oral/injection),Bronchitis,Rx
aztreonam (inhalation),Pneumonia,Rx
aztreonam (injection),Pneumonia,Rx
bacitracin (injection),Pneumonia,Rx
baricitinib,Covid 19,Rx
bazedoxifene and conjugated estrogens,Osteoporosis,Rx
bebtelovimab,Covid 19,Rx
beclomethasone inhalation,Bronchitis,Rx
beclomethasone nasal,Hayfever,Rx
belladonna,GERD (Heartburn),Rx
benazepril,Hypertension,Rx
bendroflumethiazide and nadolol,Hypertension,Rx
benralizumab,Asthma,Rx
benralizumab brand name: fasenra,Asthma,Rx
benzocaine,Pain,Rx/OTC
benzocaine (topical application route),Pain,OTC
benzocaine (topical application route),Pain,Rx/OTC
benzocaine topical,Pain,Rx/OTC
benzoyl peroxide,Acne,OTC
benzoyl peroxide,Acne,Rx
benzoyl peroxide (topical route),Acne,OTC
benzoyl peroxide (topical route),Acne,Rx
benzoyl peroxide (topical route),Acne,Rx/OTC
benzoyl peroxide and clindamycin topical,Acne,Rx
benzoyl peroxide and erythromycin topical,Acne,Rx
benzoyl peroxide and hydrocortisone topical,Acne,Rx
benzoyl peroxide and salicylic acid (topical),Acne,Rx
benzoyl peroxide and tretinoin,Acne,Rx
benzoyl peroxide and tretinoin topical,Acne,Rx
benzoyl peroxide topical,Acne,OTC
benzoyl peroxide topical,Acne,Rx
benzoyl peroxide topical,Acne,Rx/OTC
benzphetamine,Weight Loss,Rx
betamethasone (injection),Osteoarthritis,Rx
betamethasone and calcipotriene (topical application route),Psoriasis,Rx
betamethasone and calcipotriene topical,Psoriasis,Rx
betamethasone topical,Psoriasis,Rx
betaxolol,Hypertension,Rx
bethanechol,GERD (Heartburn),Rx
"bictegravir, emtricitabine, and tenofovir",AIDS/HIV,Rx
bioflavonoids,Osteoarthritis,Rx/OTC
bisacodyl (oral and rectal),Constipation,OTC
bismuth subsalicylate,Diarrhea,Rx/OTC
bisoprolol,Hypertension,Rx
bivalirudin,Angina,Rx
brexpiprazole,Depression,Rx
brivaracetam (oral/injection),Seizures,Rx
brodalumab,Psoriasis,Rx
bromocriptine,Diabetes (Type 2),Rx
bromocriptine (parlodel),Diabetes (Type 2),Rx
brompheniramine and phenylephrine,Hayfever,Rx/OTC
brompheniramine and pseudoephedrine,Hayfever,Rx/OTC
brompheniramine maleate,Colds & Flu,Rx/OTC
"brompheniramine, codeine, and phenylephrine",Colds & Flu,Rx
budesonide (oral),IBD (Bowel),Rx
budesonide and formoterol (inhalation),COPD,Rx
budesonide and formoterol fumarate,COPD,Rx
budesonide nasal,Hayfever,OTC
budesonide nasal,Hayfever,Rx/OTC
"budesonide, formoterol, and glycopyrrolate",COPD,Rx
"budesonide, glycopyrrolate, and formoterol fumarate",COPD,Rx
bupivacaine liposome,Pain,Rx
buprenorphine (oral/buccal),Pain,Rx
buprenorphine (oral/sublingual),Pain,Rx
buprenorphine injection,Pain,Rx
buprenorphine transdermal (skin patch),Pain,Rx
bupropion,ADHD,Rx
bupropion,Depression,Rx
bupropion (oral route),Depression,Rx
bupropion and naltrexone,Weight Loss,Rx
bupropion hydrobromide extended-release tablets,Depression,Rx
bupropion hydrochloride,Depression,Rx
buspirone,Anxiety,Rx
"butalbital, aspirin, and caffeine (oral route)",Migraine,Rx
butorphanol (injection),Pain,Rx
cabotegravir,AIDS/HIV,Rx
cabotegravir and rilpivirine,AIDS/HIV,Rx
caffeine and ergotamine (oral/rectal),Migraine,Rx
calcipotriene,Psoriasis,Rx
calcipotriene topical,Psoriasis,Rx
calcitonin injection,Osteoporosis,Rx
calcitonin-salmon,Osteoporosis,Rx
calcitriol (topical),Psoriasis,Rx
calcium and vitamin d combination,Osteoporosis,OTC
calcium carbonate,GERD (Heartburn),OTC
"calcium carbonate, famotidine, and magnesium hydroxide",GERD (Heartburn),OTC
"calcium carbonate, magnesium hydroxide, and simethicone",GERD (Heartburn),OTC
calcium citrate,Osteoporosis,Rx/OTC
calcium lactate,Osteoporosis,Rx/OTC
"calcium phosphate, tribasic (tricalcium phosphate)",Osteoporosis,OTC
camphor and menthol topical,Colds & Flu,OTC
camphor and menthol topical,Pain,OTC
"camphor, eucalyptus, and menthol topical",Colds & Flu,OTC
"camphor, menthol, and methyl salicylate (topical)",Rheumatoid Arthritis,OTC
canagliflozin,Diabetes (Type 2),Rx
canagliflozin and metformin,Diabetes (Type 2),Rx
candesartan,Hypertension,Rx
capsaicin and diclofenac (topical),Pain,Rx
capsaicin topical,Osteoarthritis,Rx/OTC
capsaicin topical,Pain,Rx
"capsaicin, lidocaine, menthol, and methyl salicylate (topical)",Pain,OTC
captopril,Hypertension,Rx
carbamazepine (oral),Bipolar Disorder,Rx
carbetapentane and chlorpheniramine,Colds & Flu,Rx
carbinoxamine,Hayfever,Rx
carbinoxamine (oral route),Hayfever,Rx
carbohydrate and electrolyte combination (oral route),Diarrhea,OTC
carboplatin brand name: paraplatin,Cancer,Rx
cariprazine,Bipolar Disorder,Rx
carvedilol,Angina,Rx
casirivimab and imdevimab,Covid 19,Rx
cefaclor,Bronchitis,Rx
cefadroxil,UTI,Rx
cefadroxil (oral route),UTI,Rx
cefazolin (injection route),Pneumonia,Rx
cefazolin (injection),Pneumonia,Rx
cefdinir,Bronchitis,Rx
cefepime (injection),Pneumonia,Rx
cefiderocol,UTI,Rx
cefixime,Bronchitis,Rx
cefotaxime,Pneumonia,Rx
cefotetan,Pneumonia,Rx
cefoxitin,Pneumonia,Rx
cefpodoxime,Bronchitis,Rx
cefprozil,Bronchitis,Rx
ceftaroline,Pneumonia,Rx
ceftazidime (injection),Pneumonia,Rx
ceftolozane and tazobactam,Pneumonia,Rx
ceftriaxone (injection),Bronchitis,Rx
"cefuroxime (injection route, intravenous route)",Bronchitis,Rx
cefuroxime (oral/injection),Bronchitis,Rx
celecoxib,Migraine,Rx
celecoxib,Osteoarthritis,Rx
celecoxib and tramadol,Pain,Rx
celecoxib and tramadol hydrochloride,Pain,Rx
cenobamate,Seizures,Rx
cephalexin,Acne,Rx
certolizumab,Rheumatoid Arthritis,Rx
cetirizine,Hayfever,Rx/OTC
cetirizine and pseudoephedrine,Hayfever,Rx/OTC
cetirizine hydrochloride,Hayfever,Rx/OTC
cetirizine hydrochloride and pseudoephedrine hydrochloride,Hayfever,Rx/OTC
"chlophedianol, dexchlorpheniramine, and pseudoephedrine",Colds & Flu,OTC
"chlophedianol, dexchlorpheniramine, and pseudoephedrine",Colds & Flu,Rx
"chlophedianol, dexchlorpheniramine, and pseudoephedrine",Colds & Flu,Rx/OTC
chlorambucil,Cancer,Rx
chlorcyclizine and phenylephrine,Colds & Flu,OTC
chlordiazepoxide,Anxiety,Rx
chlorothiazide (intravenous route),Hypertension,Rx
chlorothiazide (oral/injection),Hypertension,Rx
chlorpheniramine,Colds & Flu,Rx/OTC
chlorpheniramine and codeine,Colds & Flu,Rx/OTC
chlorpheniramine and hydrocodone,Colds & Flu,Rx
chlorpheniramine and hydrocodone>,Colds & Flu,Rx
chlorpheniramine and phenylephrine,Colds & Flu,Rx/OTC
chlorpheniramine and pseudoephedrine,Hayfever,Rx/OTC
"chlorpheniramine, ibuprofen, and pseudoephedrine",Colds & Flu,OTC
"chlorpheniramine, phenylephrine, and phenyltoloxamine",Colds & Flu,Rx/OTC
"chlorpheniramine, phenylephrine, and pyrilamine",Colds & Flu,Rx
chlorpromazine (oral/injection),Schizophrenia,Rx
chlorthalidone,Hypertension,Rx
choline magnesium trisalicylate,Osteoarthritis,Rx
chondroitin and glucosamine,Osteoarthritis,Rx/OTC
"chondroitin, glucosamine, and methylsulfonylmethane (msm)",Osteoarthritis,OTC
chromium picolinate,Diabetes (Type 2),OTC
ciclesonide (inhalation),Asthma,Rx
ciclesonide nasal,Hayfever,Rx
cimetidine,GERD (Heartburn),Rx/OTC
ciprofloxacin,Bronchitis,Rx
ciprofloxacin (injection),Bronchitis,Rx
ciprofloxacin (oral),Bronchitis,Rx
citalopram,Bipolar Disorder,Rx
citalopram,Depression,Rx
clarithromycin,Bronchitis,Rx
clascoterone,Acne,Rx
clascoterone topical,Acne,Rx
clemastine,Hayfever,Rx/OTC
clevidipine,Hypertension,Rx
clindamycin,Pneumonia,Rx
"clindamycin (intramuscular route, intravenous route)",Pneumonia,Rx
clindamycin (oral route),Pneumonia,Rx
clindamycin (oral/injection),Pneumonia,Rx
clindamycin (topical route),Acne,Rx
clindamycin and tretinoin (topical),Acne,Rx
clindamycin topical,Acne,Rx
clobetasol (topical application route),Eczema,Rx
clobetasol topical,Eczema,Rx
clobetasol topical,Psoriasis,Rx
clocortolone topical,Eczema,Rx
clomipramine,Depression,Rx
clonazepam,Anxiety,Rx
clonidine (injection),Pain,Rx
clonidine (oral route),Hypertension,Rx
clonidine (oral),ADHD,Rx
clonidine (oral),Hypertension,Rx
clonidine (transdermal),Hypertension,Rx
clopidogrel,Stroke,Rx
clorazepate,Anxiety,Rx
clorazepate (oral route),Anxiety,Rx
clozapine,Schizophrenia,Rx
coal tar (topical route),Psoriasis,Rx/OTC
coal tar topical,Psoriasis,Rx/OTC
cobicistat,AIDS/HIV,Rx
cobicistat and darunavir,AIDS/HIV,Rx
"cobicistat, darunavir, emtricitabine, and tenofovir",AIDS/HIV,Rx
"cobicistat, elvitegravir, emtricitabine, and tenofovir",AIDS/HIV,Rx
codeine,Diarrhea,Rx
"codeine, guaifenesin, and pseudoephedrine",Colds & Flu,Rx/OTC
"codeine, phenylephrine, and triprolidine",Colds & Flu,Rx
colesevelam,Cholesterol,Rx
conjugated estrogens,Osteoporosis,Rx
conjugated estrogens (oral),Osteoporosis,Rx
conjugated estrogens and medroxyprogesterone,Osteoporosis,Rx
corticotropin,Allergies,Rx
cortisone,Osteoarthritis,Rx
cough and cold combinations (oral route),Bronchitis,Rx/OTC
cough and cold combinations (oral route),Hayfever,Rx
crofelemer,Diarrhea,Rx
cromolyn sodium (nasal),Hayfever,Rx/OTC
cromolyn sodium (oral),IBD (Bowel),Rx
cyclobenzaprine,Migraine,Rx
cyclophosphamide (oral/injection),Cancer,Rx
cyclosporine (oral route),Psoriasis,Rx
cyclosporine (oral/injection),Eczema,Rx
cyproheptadine,Hayfever,Rx
dactinomycin,Cancer,Rx
dalteparin,Angina,Rx
dapagliflozin,Diabetes (Type 2),Rx
dapagliflozin brand name: farxiga,Diabetes (Type 2),Rx
dapagliflozin and metformin,Diabetes (Type 2),Rx
dapagliflozin and saxagliptin,Diabetes (Type 2),Rx
dapsone topical,Acne,Rx
daridorexant,Insomnia,Rx
darifenacin,Incontinence,Rx
darunavir,AIDS/HIV,Rx
delafloxacin (oral/injection),Pneumonia,Rx
denosumab (prolia),Osteoporosis,Rx
desipramine,ADHD,Rx
desipramine (oral route),Depression,Rx
desloratadine,Hayfever,Rx
desloratadine (oral route),Hayfever,Rx
desloratadine and pseudoephedrine,Hayfever,Rx
desonide,Eczema,Rx
desonide topical,Eczema,Rx
desoximetasone topical,Eczema,Rx
desvenlafaxine,ADHD,Rx
desvenlafaxine,Depression,Rx
dexamethasone,Asthma,Rx
dexamethasone,Eczema,Rx
dexamethasone (injection),Asthma,Rx
dexamethasone (oral route),Asthma,Rx
dexamethasone (oral),Asthma,Rx
dexbrompheniramine,Allergies,OTC
dexbrompheniramine and phenylephrine,Allergies,OTC
dexbrompheniramine and phenylephrine,Colds & Flu,OTC
dexbrompheniramine and pseudoephedrine,Colds & Flu,Rx/OTC
dexchlorpheniramine,Hayfever,Rx
dexchlorpheniramine and phenylephrine,Hayfever,Rx/OTC
dexchlorpheniramine maleate,Hayfever,Rx
"dexchlorpheniramine, dextromethorphan, and pseudoephedrine",Colds & Flu,Rx/OTC
dexlansoprazole,GERD (Heartburn),Rx
dexmethylphenidate,ADHD,Rx
dexmethylphenidate and serdexmethylphenidate,ADHD,Rx
dextroamphetamine,ADHD,Rx
dextromethorphan and promethazine,Colds & Flu,Rx
dextromethorphan and pyrilamine,Colds & Flu,OTC
"dextromethorphan, diphenhydramine, and phenylephrine",Colds & Flu,Rx/OTC
diazepam (oral route),Anxiety,Rx
diazepam (oral),Anxiety,Rx
diazepam (rectal route),Seizures,Rx
"diazepam brand names: diastat , diastat acudial",Seizures,Rx
diazepam nasal,Seizures,Rx
diazepam rectal,Seizures,Rx
diclofenac potassium,Osteoarthritis,Rx
diclofenac,Migraine,Rx
diclofenac,Osteoarthritis,Rx
diclofenac,Pain,Rx
diclofenac (oral route),Osteoarthritis,Rx
diclofenac and menthol topical,Osteoarthritis,Rx
diclofenac and misoprostol,Osteoarthritis,Rx
diclofenac sodium,Osteoarthritis,Rx
diclofenac sodium and capsaicin,Pain,Rx
diclofenac sodium and capsaicin oleoresin,Pain,Rx
"diclofenac sodium and menthol, methyl salicylate",Osteoarthritis,Rx
"diclofenac sodium, capsaicin",Pain,Rx
diclofenac topical,Osteoarthritis,OTC
diclofenac topical,Osteoarthritis,Rx
diclofenac topical,Osteoarthritis,Rx/OTC
diclofenac topical system (patch),Pain,Rx
"diclofenac, methyl salicylate, menthol",Osteoarthritis,Rx
dicloxacillin,Bronchitis,Rx
diethylpropion,Weight Loss,Rx
difenoxin and atropine (oral route),Diarrhea,Rx
diflorasone topical,Eczema,Rx
diflunisal,Osteoarthritis,Rx
diflunisal (oral route),Osteoarthritis,Rx
dihydroergotamine (injection route),Migraine,Rx
dihydroergotamine (injection),Migraine,Rx
dihydroergotamine (nasal),Migraine,Rx
dihydroergotamine mesylate,Migraine,Rx
diltiazem,Hypertension,Rx
diltiazem (oral route),Hypertension,Rx
diltiazem hydrochloride,Hypertension,Rx
dimenhydrinate,Insomnia,Rx/OTC
diphenhydramine,Colds & Flu,Rx/OTC
diphenhydramine,Insomnia,Rx/OTC
diphenhydramine and ibuprofen,Insomnia,OTC
diphenhydramine and magnesium salicylate,Insomnia,OTC
diphenhydramine and naproxen,Insomnia,OTC
diphenhydramine and phenylephrine,Colds & Flu,Rx/OTC
diphenhydramine hydrochloride,Colds & Flu,Rx/OTC
diphenhydramine hydrochloride and phenylephrine hydrochloride,Colds & Flu,Rx/OTC
divalproex sodium,Bipolar Disorder,Rx
docosanol topical,Herpes,OTC
docusate,Constipation,Rx/OTC
docusate (oral/rectal),Constipation,Rx/OTC
docusate sodium,Constipation,Rx/OTC
docusate sodium 100mg capsules,Constipation,Rx/OTC
dolutegravir,AIDS/HIV,Rx
dolutegravir and lamivudine,AIDS/HIV,Rx
dolutegravir and rilpivirine,AIDS/HIV,Rx
donepezil,Alzheimer's,Rx
donepezil (oral),Alzheimer's,Rx
donepezil and memantine,Alzheimer's,Rx
doravirine,AIDS/HIV,Rx
"doravirine, lamivudine, and tenofovir",AIDS/HIV,Rx
"doravirine, lamivudine, and tenofovir disoproxil fumarate",AIDS/HIV,Rx
doxazosin,Hypertension,Rx
doxepin,Insomnia,Rx
"doxepin (capsules, oral concentrate)",Anxiety,Rx
doxepin topical,Eczema,Rx
doxorubicin,Cancer,Rx
doxycycline,Acne,Rx
doxycycline (oral route),Acne,Rx
doxylamine,Allergies,Rx/OTC
doxylamine,Insomnia,Rx/OTC
doxylamine and phenylephrine,Colds & Flu,OTC
doxylamine succinate,Allergies,Rx/OTC
drospirenone and ethinyl estradiol,Acne,Rx
"drospirenone, ethinyl estradiol, and levomefolate",Acne,Rx
dulaglutide,Diabetes (Type 2),Rx
duloxetine,Anxiety,Rx
duloxetine,Depression,Rx
dupilumab,Eczema,Rx
dupilumab brand name: dupixent,Eczema,Rx
dyphylline and guaifenesin,Asthma,Rx
efavirenz,AIDS/HIV,Rx
"efavirenz, emtricitabine, and tenofovir",AIDS/HIV,Rx
"efavirenz, lamivudine, and tenofovir",AIDS/HIV,Rx
eletriptan,Migraine,Rx
empagliflozin,Diabetes (Type 2),Rx
empagliflozin and linagliptin,Diabetes (Type 2),Rx
empagliflozin and metformin,Diabetes (Type 2),Rx
"empagliflozin, linagliptin, and metformin",Diabetes (Type 2),Rx
emtricitabine,AIDS/HIV,Rx
emtricitabine and tenofovir,AIDS/HIV,Rx
emtricitabine and tenofovir alafenamide,AIDS/HIV,Rx
emtricitabine and tenofovir disoproxil fumarate,AIDS/HIV,Rx
"emtricitabine, lopinavir, ritonavir, and tenofovir",AIDS/HIV,Rx
"emtricitabine, nelfinavir, and tenofovir",AIDS/HIV,Rx
"emtricitabine, rilpivirine, and tenofovir",AIDS/HIV,Rx
enalapril,Hypertension,Rx
enalapril (oral route),Hypertension,Rx
enfuvirtide,AIDS/HIV,Rx
enoxaparin,Angina,Rx
eplerenone,Hypertension,Rx
eptifibatide,Angina,Rx
ergoloid mesylates,Alzheimer's,Rx
ergotamine,Migraine,Rx
ergotamine and caffeine (oral route),Migraine,Rx
ertapenem,Pneumonia,Rx
ertugliflozin,Diabetes (Type 2),Rx
ertugliflozin and metformin,Diabetes (Type 2),Rx
ertugliflozin and sitagliptin,Diabetes (Type 2),Rx
erythromycin,Acne,Rx
erythromycin (intravenous route),Bronchitis,Rx
erythromycin (oral route),Bronchitis,Rx
erythromycin (oral),Bronchitis,Rx
erythromycin (oral/injection),Bronchitis,Rx
erythromycin and benzoyl peroxide,Acne,Rx
erythromycin and benzoyl peroxide (topical route),Acne,Rx
erythromycin topical,Acne,Rx
escitalopram,Anxiety,Rx
esketamine (nasal),Depression,Rx
eslicarbazepine,Seizures,Rx
esmolol,Hypertension,Rx
esomeprazole (intravenous route),GERD (Heartburn),Rx
esomeprazole (oral),GERD (Heartburn),Rx/OTC
esomeprazole and naproxen,Osteoarthritis,Rx
esomeprazole magnesium (oral),GERD (Heartburn),Rx
estazolam,Insomnia,Rx
esterified estrogens,Osteoporosis,Rx
esterified estrogens and methyltestosterone,Menopause,Rx
estradiol and progesterone,Menopause,Rx
estropipate,Osteoporosis,Rx
eszopiclone,Insomnia,Rx
etanercept,Alzheimer's,Rx
etanercept,Rheumatoid Arthritis,Rx
etanercept-ykro (subcutaneous route),Rheumatoid Arthritis,Rx
ethinyl estradiol and norethindrone (hrt),Acne,Rx
ethinyl estradiol and norgestimate,Acne,Rx
ethinyl estradiol and norgestimate (oral route),Acne,Rx
ethosuximide,Seizures,Rx
etodolac,Osteoarthritis,Rx
etoposide (injection),Cancer,Rx
etoposide (oral),Cancer,Rx
etoposide phosphate,Cancer,Rx
etravirine,AIDS/HIV,Rx
evolocumab,Cholesterol,Rx
evolocumab brand name: repatha,Cholesterol,Rx
exenatide,Diabetes (Type 2),Rx
exenatide (bydureon),Diabetes (Type 2),Rx
exenatide (byetta),Diabetes (Type 2),Rx
ezetimibe,Cholesterol,Rx
ezetimibe and atorvastatin,Cholesterol,Rx
ezetimibe and rosuvastatin,Cholesterol,Rx
ezetimibe and simvastatin,Cholesterol,Rx
famotidine,GERD (Heartburn),OTC
famotidine,GERD (Heartburn),Rx
famotidine,GERD (Heartburn),Rx/OTC
famotidine (oral route),GERD (Heartburn),OTC
famotidine and ibuprofen,Osteoarthritis,Rx
febuxostat,Gout,Rx
felodipine,Hypertension,Rx
fenfluramine,Weight Loss,Rx
fenofibric acid,Cholesterol,Rx
fenoprofen,Osteoarthritis,Rx
fentanyl (buccal/sublingual),Pain,Rx
"fentanyl brand names: actiq (lozenge), lazanda (nasal spray), fentora (sublingual tablet), subsys (sublingual spray)",Pain,Rx
fentanyl citrate (oral transmucosal),Pain,Rx
fentanyl transdermal (skin patch),Pain,Rx
fesoterodine,Incontinence,Rx
fexofenadine,Hayfever,OTC
fexofenadine,Hayfever,Rx/OTC
fexofenadine (oral route),Hayfever,Rx/OTC
fexofenadine and pseudoephedrine,Hayfever,Rx/OTC
flavocoxid (oral route),Osteoarthritis,Rx/OTC
flavoxate,Incontinence,Rx
fludarabine (injection),Cancer,Rx
flunisolide nasal,Hayfever,Rx
fluocinolone (topical application route),Eczema,Rx/OTC
fluocinolone acetonide,Eczema,Rx/OTC
fluocinolone otic,Eczema,Rx
fluocinolone topical,Eczema,Rx/OTC
fluocinolone topical oil,Eczema,Rx/OTC
fluocinonide topical,Eczema,Rx
fluorouracil (injection),Cancer,Rx
fluoxetine,Depression,Rx
fluoxetine and olanzapine,Bipolar Disorder,Rx
flurandrenolide topical,Eczema,Rx
flurazepam,Insomnia,Rx
flurbiprofen,Osteoarthritis,Rx
fluticasone and vilanterol,Asthma,Rx
fluticasone nasal,Hayfever,Rx
fluticasone nasal,Hayfever,Rx/OTC
fluticasone propionate,Hayfever,Rx
fluticasone topical,Eczema,Rx
"fluticasone, umeclidinium, and vilanterol",Asthma,Rx
fluvastatin,Cholesterol,Rx
fluvoxamine,Depression,Rx
formoterol and glycopyrrolate,COPD,Rx
formoterol and mometasone,Asthma,Rx
fosamprenavir,AIDS/HIV,Rx
fosinopril,Hypertension,Rx
fostemsavir,AIDS/HIV,Rx
fostemsavir (extended-release tablets),AIDS/HIV,Rx
frovatriptan,Migraine,Rx
furosemide,Hypertension,Rx
furosemide (oral/injection),Hypertension,Rx
gabapentin,Anxiety,Rx
galantamine,Alzheimer's,Rx
ganaxolone,Seizures,Rx
gemfibrozil,Cholesterol,Rx
gemifloxacin,Bronchitis,Rx
gentamicin,Pneumonia,Rx
glimepiride,Diabetes (Type 2),Rx
glimepiride and pioglitazone,Diabetes (Type 2),Rx
glipizide,Diabetes (Type 2),Rx
glipizide (oral route),Diabetes (Type 2),Rx
glipizide and metformin,Diabetes (Type 2),Rx
glyburide,Diabetes (Type 2),Rx
glyburide (oral route),Diabetes (Type 2),Rx
glyburide and metformin,Diabetes (Type 2),Rx
glycerin (rectal),Constipation,Rx/OTC
golimumab,Rheumatoid Arthritis,Rx
guaifenesin,Bronchitis,Rx/OTC
guaifenesin (oral route),Bronchitis,Rx/OTC
"guaifenesin, pseudoephedrine hydrochloride, dextromethorphan hydrobromide, and acetaminophen",Colds & Flu,Rx/OTC
guanfacine,ADHD,Rx
guselkumab,Psoriasis,Rx
guselkumab brand name: tremfya,Psoriasis,Rx
halcinonide topical,Eczema,Rx
halobetasol and tazarotene topical,Psoriasis,Rx
halobetasol propionate,Eczema,Rx
halobetasol topical,Eczema,Rx
halobetasol topical,Psoriasis,Rx
heparin (injection),Angina,Rx
house dust mite allergen extract,Hayfever,Rx
house dust mite allergen extract brand name: odactra,Hayfever,Rx
human chorionic gonadotropin (hcg) (injectable),Weight Loss,Rx
hyaluronan,Osteoarthritis,Rx
hyaluronic acid (injection route),Osteoarthritis,Rx
hydralazine,Hypertension,Rx
hydrochlorothiazide,Hypertension,Rx
hydrochlorothiazide (oral route),Hypertension,Rx
hydrochlorothiazide and aliskiren,Hypertension,Rx
hydrochlorothiazide and amiloride,Hypertension,Rx
hydrochlorothiazide and benazepril,Hypertension,Rx
hydrochlorothiazide and bisoprolol,Hypertension,Rx
hydrochlorothiazide and candesartan,Hypertension,Rx
hydrochlorothiazide and captopril,Hypertension,Rx
hydrochlorothiazide and enalapril,Hypertension,Rx
hydrochlorothiazide and fosinopril,Hypertension,Rx
hydrochlorothiazide and irbesartan,Hypertension,Rx
hydrochlorothiazide and lisinopril,Hypertension,Rx
hydrochlorothiazide and losartan,Hypertension,Rx
hydrochlorothiazide and methyldopa,Hypertension,Rx
hydrochlorothiazide and metoprolol,Hypertension,Rx
hydrochlorothiazide and olmesartan,Hypertension,Rx
hydrochlorothiazide and quinapril,Hypertension,Rx
hydrochlorothiazide and spironolactone,Hypertension,Rx
hydrochlorothiazide and telmisartan,Hypertension,Rx
hydrochlorothiazide and triamterene,Hypertension,Rx
hydrochlorothiazide and valsartan,Hypertension,Rx
hydrocodone (oral),Pain,Rx
hydrocodone and ibuprofen,Pain,Rx
hydrocortisone (injection),IBD (Bowel),Rx
hydrocortisone (oral route),IBD (Bowel),Rx
hydrocortisone (oral),IBD (Bowel),Rx
hydrocortisone (topical application route),Eczema,OTC
hydrocortisone (topical application route),Eczema,Rx
hydrocortisone acetate,Eczema,Rx
hydrocortisone acetate and pramoxine hydrochloride,Psoriasis,Rx
hydrocortisone and iodochlorhydroxyquin,Eczema,Rx
hydrocortisone and iodoquinol,Eczema,Rx
hydrocortisone and iodoquinol (topical application route),Eczema,Rx
hydrocortisone and pramoxine (topical/rectal),Psoriasis,Rx
hydrocortisone butyrate,Eczema,Rx
"hydrocortisone rectal (cream, suppository)",Eczema,Rx/OTC
"hydrocortisone rectal (foam, enema)",IBD (Bowel),Rx
hydrocortisone topical,Eczema,OTC
hydrocortisone topical,Eczema,Rx
hydromorphone (oral),Pain,Rx
hydroxychloroquine,Rheumatoid Arthritis,Rx
hydroxyurea,Psoriasis,Rx
hydroxyzine,Allergies,Rx
hylan g-f 20,Osteoarthritis,Rx
hyoscyamine,Incontinence,Rx
"hyoscyamine, methenamine, methylene blue, and sodium biphosphate",UTI,Rx
"hyoscyamine, methenamine, methylene blue, phenyl salicylate, sodium biphosphate monobasic",UTI,Rx
"hyoscyamine, methenamine, methylene blue, phenyl salicylate, and sodium phosphate (oral route)",UTI,Rx
"hyoscyamine, methenamine, methylene blue, phenyl salicylate, sodium biphosphate",UTI,Rx
ibalizumab,AIDS/HIV,Rx
ibalizumab-uiyk,AIDS/HIV,Rx
ibandronate (oral/injection),Osteoporosis,Rx
ibuprofen,Osteoarthritis,Rx/OTC
ibuprofen,Pain,Rx/OTC
ibuprofen (oral route),Osteoarthritis,Rx/OTC
ibuprofen (oral route),Pain,Rx/OTC
ibuprofen 200mg,Osteoarthritis,Rx/OTC
ibuprofen and phenylephrine,Colds & Flu,OTC
ibuprofen injection,Pain,Rx/OTC
ifosfamide,Cancer,Rx
iloperidone,Bipolar Disorder,Rx
iloperidone,Schizophrenia,Rx
imipenem and cilastatin,Bronchitis,Rx
"imipenem, cilastatin, and relebactam",UTI,Rx
imipramine,ADHD,Rx
imipramine,Depression,Rx
immune globulin (igiv) (intravenous),AIDS/HIV,Rx
inclisiran,Cholesterol,Rx
indapamide,Hypertension,Rx
indomethacin,Osteoarthritis,Rx
indomethacin (oral route),Osteoarthritis,Rx
indomethacin (oral route),Pain,Rx
infliximab,IBD (Bowel),Rx
"infliximab, inliximab-abda, infliximab-axxq, infliximab-dyyb, infliximab-qbtx brand names: remicade , avsola , inflectra , ixifi , renflexis",IBD (Bowel),Rx
infliximab-abda,Psoriasis,Rx
infliximab-axxq,Psoriasis,Rx
infliximab-dyyb,Psoriasis,Rx
infliximab-qbtx (intravenous route),Psoriasis,Rx
insulin (inhalation),Diabetes (Type 1),Rx
insulin aspart,Diabetes (Type 1),Rx
insulin aspart and insulin aspart protamine,Diabetes (Type 1),Rx
insulin degludec,Diabetes (Type 1),Rx
insulin degludec brand name: tresiba,Diabetes (Type 1),Rx
insulin degludec and liraglutide,Diabetes (Type 2),Rx
insulin detemir,Diabetes (Type 1),Rx
insulin glargine,Diabetes (Type 1),Rx
insulin glargine and lixisenatide,Diabetes (Type 2),Rx
"insulin glargine-aglr, recombinant (subcutaneous route)",Diabetes (Type 1),Rx
insulin glulisine,Diabetes (Type 1),Rx
insulin human,Diabetes (Type 1),Rx
insulin isophane,Diabetes (Type 1),OTC
insulin isophane and insulin regular,Diabetes (Type 1),OTC
insulin lispro,Diabetes (Type 1),Rx
insulin lispro and insulin lispro protamine,Diabetes (Type 1),Rx
insulin nph and regular (subcutaneous route),Diabetes (Type 1),OTC
insulin regular,Diabetes (Type 1),OTC
insulin regular,Diabetes (Type 1),Rx
insulin regular,Diabetes (Type 1),Rx/OTC
"insulin regular, concentrated (u-500)",Diabetes (Type 1),Rx
interferon gamma-1b,Rheumatoid Arthritis,Rx
ipratropium (inhalation route),Asthma,Rx
ipratropium inhalation,Asthma,Rx
irbesartan,Hypertension,Rx
isocarboxazid,Depression,Rx
isosorbide dinitrate,Angina,Rx
"isosorbide dinitrate (oral route, sublingual route)",Angina,Rx
isosorbide mononitrate,Angina,Rx
isotretinoin (oral),Acne,Rx
isradipine,Hypertension,Rx
ivermectin (oral),Covid 19,Rx
ixekizumab,Psoriasis,Rx
ixekizumab brand name: taltz,Psoriasis,Rx
ketamine,Depression,Rx
ketoprofen,Osteoarthritis,Rx/OTC
ketorolac (nasal),Pain,Rx
l-methylfolate,Depression,Rx
labetalol (oral/injection),Hypertension,Rx
lacosamide (oral/injection),Seizures,Rx
lamivudine,AIDS/HIV,Rx
lamivudine and tenofovir,AIDS/HIV,Rx
lamivudine and tenofovir (oral route),AIDS/HIV,Rx
lamivudine and zidovudine,AIDS/HIV,Rx
lamotrigine,Anxiety,Rx
lamotrigine,Bipolar Disorder,Rx
lamotrigine (oral route),Bipolar Disorder,Rx
lansoprazole,GERD (Heartburn),OTC
lansoprazole,GERD (Heartburn),Rx
lansoprazole,GERD (Heartburn),Rx/OTC
lasmiditan,Migraine,Rx
lasmiditan brand name: reyvow,Migraine,Rx
lefamulin (oral/injection),Pneumonia,Rx
leflunomide,Rheumatoid Arthritis,Rx
lemborexant,Insomnia,Rx
levalbuterol inhalation,Asthma,Rx
levamlodipine,Hypertension,Rx
levetiracetam,Seizures,Rx
levetiracetam (oral route),Seizures,Rx
levetiracetam (oral/injection),Bipolar Disorder,Rx
levetiracetam (oral/injection),Seizures,Rx
levocetirizine,Allergies,Rx
levocetirizine,Allergies,Rx/OTC
levofloxacin (oral),Bronchitis,Rx
levomilnacipran,Depression,Rx
levorphanol (oral),Pain,Rx
levothyroxine,Hypothyroidism,Rx
levothyroxine (oral route),Hypothyroidism,Rx
levothyroxine (oral/injection),Hypothyroidism,Rx
levothyroxine sodium,Hypothyroidism,Rx
lidocaine,Pain,Rx
lidocaine,Pain,Rx/OTC
lidocaine (topical application route),Pain,OTC
lidocaine hydrochloride,Pain,Rx
lidocaine hydrochloride,Pain,Rx/OTC
lidocaine topical,Gastrointestinal,Rx
lidocaine topical,Gastrointestinal,Rx/OTC
lidocaine topical,Pain,OTC
lidocaine topical,Pain,Rx
lidocaine viscous,Gastrointestinal,Rx
linagliptin,Diabetes (Type 2),Rx
linagliptin and metformin,Diabetes (Type 2),Rx
linezolid (oral/injection),Pneumonia,Rx
liothyronine,Hypothyroidism,Rx
liothyronine (intravenous route),Hypothyroidism,Rx
liraglutide,Diabetes (Type 2),Rx
liraglutide,Weight Loss,Rx
lisdexamfetamine,ADHD,Rx
lisinopril,Hypertension,Rx
lithium,Bipolar Disorder,Rx
lixisenatide,Diabetes (Type 2),Rx
lomitapide,Cholesterol,Rx
loperamide,Diarrhea,Rx/OTC
loperamide (oral route),Diarrhea,Rx/OTC
loperamide hydrochloride,Diarrhea,Rx/OTC
lopinavir and ritonavir,AIDS/HIV,Rx
loratadine,Allergies,Rx/OTC
loratadine,Hayfever,Rx/OTC
loratadine and pseudoephedrine,Hayfever,OTC
loratadine and pseudoephedrine (oral route),Hayfever,OTC
lorazepam (oral),Anxiety,Rx
losartan,Hypertension,Rx
lovastatin,Cholesterol,Rx
loxapine (inhalation),Schizophrenia,Rx
loxapine (oral),Schizophrenia,Rx
lumateperone,Bipolar Disorder,Rx
lurasidone,Bipolar Disorder,Rx
magnesium citrate,Constipation,Rx/OTC
magnesium hydroxide,Acne,Rx/OTC
magnesium hydroxide,Constipation,Rx/OTC
magnesium oxide,Constipation,Rx/OTC
magnesium salicylate,Pain,Rx/OTC
maraviroc,AIDS/HIV,Rx
mecamylamine,Hypertension,Rx
meclofenamate,Osteoarthritis,Rx
mefenamic acid,Pain,Rx
meloxicam,Osteoarthritis,Rx
meloxicam (intravenous route),Pain,Rx
memantine,Alzheimer's,Rx
menthol topical,Pain,Rx/OTC
meperidine,Pain,Rx
meperidine (oral route),Pain,Rx
meperidine (oral/injection),Pain,Rx
mepolizumab,Asthma,Rx
meprobamate,Anxiety,Rx
mercaptopurine,IBD (Bowel),Rx
meropenem and vaborbactam,UTI,Rx
mesalamine,IBD (Bowel),Rx
mesalamine (oral route),IBD (Bowel),Rx
mesalamine (oral),IBD (Bowel),Rx
"mesalamine brand names: rowasa, sfrowasa",IBD (Bowel),Rx
metformin,Diabetes (Type 2),Rx
metformin and pioglitazone,Diabetes (Type 2),Rx
metformin and saxagliptin,Diabetes (Type 2),Rx
metformin and sitagliptin,Diabetes (Type 2),Rx
methadone (oral route),Pain,Rx
methadone (oral/injection),Pain,Rx
methamphetamine,ADHD,Rx
methenamine,UTI,Rx/OTC
"methenamine, sodium phosphate, monobasic, anhydrous, phenyl salicylate, methylene blue and hyoscyamine sulfate",UTI,Rx
"methenamine, sodium phosphate, monobasic, monohydrate, phenyl salicylate, methylene blue, and hyoscyamine sulfate",UTI,Rx
"methotrexate (injection route, subcutaneous route)",Psoriasis,Rx
methotrexate (injection),Psoriasis,Rx
methotrexate (oral),Eczema,Rx
methotrexate (oral),Psoriasis,Rx
methoxsalen (oral),Psoriasis,Rx
methsuximide,Seizures,Rx
methyl salicylate topical,Osteoarthritis,Rx/OTC
"methyl salicylate, menthol, capsaicin",Pain,OTC
methylcellulose,Constipation,Rx/OTC
methyldopa,Hypertension,Rx
methyldopa and hydrochlorothiazide (oral route),Hypertension,Rx
methylergonovine (oral and injection),Migraine,Rx
methylphenidate,ADHD,Rx
methylphenidate (oral route),ADHD,Rx
methylphenidate (oral),ADHD,Rx
methylphenidate (transdermal route),ADHD,Rx
methylphenidate hydrochloride,ADHD,Rx
methylprednisolone (injection),Asthma,Rx
methylprednisolone (oral),Asthma,Rx
metoclopramide,GERD (Heartburn),Rx
metoclopramide (oral/injection),GERD (Heartburn),Rx
metolazone,Hypertension,Rx
metoprolol,Angina,Rx
metoprolol (oral route),Angina,Rx
metoprolol and hydrochlorothiazide (oral route),Hypertension,Rx
"metoprolol succinate tablet, extended release",Angina,Rx
metronidazole,Pneumonia,Rx
metronidazole (intravenous route),Pneumonia,Rx
metronidazole (oral/injection),Pneumonia,Rx
midazolam (nasal),Seizures,Rx
midazolam (oral),Seizures,Rx
miglitol,Diabetes (Type 2),Rx
mineral oil (oral/rectal),Constipation,Rx/OTC
minocycline,Acne,Rx
minocycline (mucous membrane powder),Acne,Rx
minocycline (oral route),Acne,Rx
minocycline (topical application route),Acne,Rx
minocycline topical,Acne,Rx
minoxidil,Hair Loss,Rx/OTC
minoxidil,Hypertension,Rx
minoxidil (topical route),Hair Loss,Rx/OTC
minoxidil topical,Hair Loss,Rx/OTC
mirabegron,Incontinence,Rx
mirtazapine,Anxiety,Rx
mirtazapine,Depression,Rx
mixed grass pollens allergen extract,Hayfever,Rx
mixed grass pollens allergen extract brand name: oralair,Hayfever,Rx
modafinil,ADHD,Rx
moexipril,Hypertension,Rx
molnupiravir,Covid 19,Rx
molnupiravir (oral route),Covid 19,Rx
mometasone,Hayfever,OTC
mometasone nasal,Hayfever,Rx/OTC
mometasone topical,Eczema,Rx
montelukast,Asthma,Rx
morphine (injection route),Pain,Rx
morphine (injection),Pain,Rx
morphine (oral),Pain,Rx
moxifloxacin (intravenous route),Bronchitis,Rx
moxifloxacin (oral/injection),Bronchitis,Rx
mycophenolate mofetil (oral/injection),Cholesterol,Rx
nabumetone,Osteoarthritis,Rx
nadolol,Angina,Rx
nadolol and bendroflumethiazide (oral route),Hypertension,Rx
nafcillin (injection),Pneumonia,Rx
nalbuphine,Pain,Rx
naloxone and pentazocine (oral),Pain,Rx
naproxen,Osteoarthritis,Rx/OTC
naproxen (oral route),Osteoarthritis,Rx/OTC
naproxen and sumatriptan,Migraine,Rx
naproxen sodium,Osteoarthritis,Rx/OTC
naratriptan,Migraine,Rx
nateglinide (oral),Diabetes (Type 2),Rx
nebivolol,Hypertension,Rx
nebivolol and valsartan,Hypertension,Rx
nefazodone,Anxiety,Rx
nelfinavir,AIDS/HIV,Rx
neomycin,Diarrhea,Rx
nevirapine,AIDS/HIV,Rx
niacin (nicotinic acid),Cholesterol,Rx/OTC
niacin (oral route),Cholesterol,Rx/OTC
nicardipine (intravenous route),Hypertension,Rx
nicardipine (oral/injection),Hypertension,Rx
nifedipine,Hypertension,Rx
nifedipine (oral route),Hypertension,Rx
nimodipine,Stroke,Rx
nirmatrelvir and ritonavir,Covid 19,Rx
nirmatrelvir and ritonavir brand name: paxlovid,Covid 19,Rx
nisoldipine,Hypertension,Rx
nitrofurantoin,UTI,Rx
nitrofurantoin (oral route),UTI,Rx
nitroglycerin,Angina,Rx
"nitroglycerin (oral route, sublingual route)",Angina,Rx
nitroglycerin (oral/sublingual),Angina,Rx
nitroglycerin (sublingual),Angina,Rx
nitroglycerin (topical),Angina,Rx
nitroglycerin (transdermal),Angina,Rx
nizatidine,GERD (Heartburn),OTC
nizatidine,GERD (Heartburn),Rx/OTC
nortriptyline,Depression,Rx
nortriptyline (oral route),Depression,Rx
nproxen sodium,Osteoarthritis,Rx/OTC
octreotide (oral/injection),Diabetes (Type 1),Rx
ofloxacin (oral),Bronchitis,Rx
olanzapine (injection),Schizophrenia,Rx
olanzapine (intramuscular route),Bipolar Disorder,Rx
olanzapine (oral),Bipolar Disorder,Rx
olanzapine and samidorphan,Bipolar Disorder,Rx
oliceridine,Pain,Rx
olmesartan,Hypertension,Rx
olodaterol (inhalation),COPD,Rx
olodaterol and tiotropium,COPD,Rx
olopatadine (nasal),Hayfever,Rx
olopatadine hydrochloride and mometasone furoate monohydrate,Hayfever,Rx
omadacycline (oral/injection),Pneumonia,Rx
omega-3 polyunsaturated fatty acids,ADHD,Rx/OTC
omeprazole,GERD (Heartburn),OTC
omeprazole,GERD (Heartburn),Rx
omeprazole,GERD (Heartburn),Rx/OTC
omeprazole and sodium bicarbonate,GERD (Heartburn),OTC
omeprazole and sodium bicarbonate,GERD (Heartburn),Rx
omeprazole and sodium bicarbonate,GERD (Heartburn),Rx/OTC
onabotulinumtoxina,Incontinence,Rx
onabotulinumtoxina (botox),Incontinence,Rx
opium preparation,Diarrhea,Rx
orlistat,Weight Loss,OTC
orlistat,Weight Loss,Rx
orlistat,Weight Loss,Rx/OTC
orphenadrine,Migraine,Rx
oseltamivir,Swine Flu,Rx
oxacillin (injection),Pneumonia,Rx
oxaprozin,Osteoarthritis,Rx
oxazepam,Anxiety,Rx
oxcarbazepine,Anxiety,Rx
oxcarbazepine,Seizures,Rx
oxybutynin (oral),Incontinence,Rx
oxybutynin (oral),Incontinence,Rx/OTC
oxybutynin (topical),Incontinence,Rx
oxybutynin (transdermal),Incontinence,Rx
oxycodone,Pain,Rx
oxycodone (oral route),Pain,Rx
oxycodone and acetaminophen (oral route),Pain,Rx
oxycodone and aspirin (oral route),Pain,Rx
oxycodone hydrochloride and acetaminophen,Pain,Rx
oxymorphone,Pain,Rx
paliperidone (injection),Schizophrenia,Rx
paliperidone (oral),Bipolar Disorder,Rx
paliperidone (oral),Schizophrenia,Rx
paliperidone palminate,Schizophrenia,Rx
paliperidone palmitate,Schizophrenia,Rx
pantoprazole (intravenous route),GERD (Heartburn),Rx
pantoprazole (oral/injection),GERD (Heartburn),Rx
"paracetamol brand names: panadol, calpol, tylenol , alvedon",Pain,Rx/OTC
paroxetine,Anxiety,Rx
pegloticase,Gout,Rx
penicillamine,Rheumatoid Arthritis,Rx
penicillin g benzathine and penicillin g procaine,Pneumonia,Rx
penicillin g potassium,Pneumonia,Rx
penicillin g sodium,Pneumonia,Rx
penicillin v,Pneumonia,Rx
pentobarbital (injection),Insomnia,Rx
peramivir,Swine Flu,Rx
perampanel,Seizures,Rx
perindopril,Hypertension,Rx
perphenazine,Bipolar Disorder,Rx
phendimetrazine,Weight Loss,Rx
phendimetrazine (oral route),Weight Loss,Rx
phendimetrazine tartrate,Weight Loss,Rx
phenelzine,Depression,Rx
pheniramine and phenylephrine,Colds & Flu,OTC
phenobarbital,Insomnia,Rx
phentermine,Weight Loss,Rx
phentermine (oral route),Weight Loss,Rx
phentermine and topiramate,Weight Loss,Rx
phenylephrine and promethazine,Colds & Flu,Rx
phenytoin (oral),Anxiety,Rx
phenytoin (oral),Seizures,Rx
pimecrolimus topical,Eczema,Rx
pindolol,Hypertension,Rx
pioglitazone (oral),Diabetes (Type 2),Rx
piperacillin and tazobactam,Pneumonia,Rx
piroxicam,Osteoarthritis,Rx
piroxicam (oral route),Osteoarthritis,Rx
pitavastatin,Cholesterol,Rx
plazomicin,UTI,Rx
polycarbophil,Constipation,OTC
polyethylene glycol 3350,Constipation,Rx/OTC
potassium phosphate,Constipation,Rx/OTC
pramlintide,Diabetes (Type 1),Rx
pramlintide (subcutaneous route),Diabetes (Type 1),Rx
pramoxine topical,Pain,Rx/OTC
pravastatin,Cholesterol,Rx
prazosin,Hypertension,Rx
prednicarbate (topical application route),Eczema,Rx
prednicarbate topical,Eczema,Rx
prednisolone,Psoriasis,Rx
prednisone,Asthma,Rx
pregabalin,Pain,Rx
primidone,Seizures,Rx
probenecid,Gout,Rx
procaine penicillin,Pneumonia,Rx
prochlorperazine (oral/injection),Anxiety,Rx/OTC
prochlorperazine (rectal),Anxiety,Rx/OTC
progesterone,Seizures,Rx/OTC
"promethazine (injection route, intravenous route)",Hayfever,Rx
promethazine (oral),Hayfever,Rx
promethazine (rectal),Hayfever,Rx
propranolol,Angina,Rx
propranolol (oral route),Angina,Rx
propranolol (oral route),Hypertension,Rx
protriptyline,Depression,Rx
protriptyline (oral route),Depression,Rx
pseudoephedrine and triprolidine,Colds & Flu,Rx/OTC
psyllium,Constipation,OTC
"pyridoxine (oral route, injection route)",Seizures,Rx/OTC
pyridoxine (vitamin b6),Seizures,Rx/OTC
quazepam,Insomnia,Rx
quetiapine,Bipolar Disorder,Rx
"quetiapine brand names: seroquel , seroquel xr",Bipolar Disorder,Rx
quinapril,Hypertension,Rx
rabeprazole,GERD (Heartburn),Rx
ragweed pollen allergen extract,Hayfever,Rx
raloxifene,Osteoporosis,Rx
raltegravir,AIDS/HIV,Rx
ramelteon,Insomnia,Rx
ramipril,Hypertension,Rx
ranolazine,Angina,Rx
ranolazine (oral route),Angina,Rx
remdesivir,Covid 19,Rx
repaglinide (oral),Diabetes (Type 2),Rx
reslizumab,Asthma,Rx
resorcinol (topical),Acne,Rx/OTC
resorcinol and sulfur (topical route),Acne,OTC
retapamulin topical,Acne,Rx
revefenacin (inhalation),COPD,Rx
rifaximin,Diarrhea,Rx
rilonacept,Gout,Rx
rilpivirine,AIDS/HIV,Rx
rimegepant,Migraine,Rx
risankizumab,Psoriasis,Rx
risedronate,Osteoporosis,Rx
risperidone (injection),Bipolar Disorder,Rx
risperidone (injection),Schizophrenia,Rx
risperidone (oral),Anxiety,Rx
risperidone (oral),Bipolar Disorder,Rx
ritonavir,AIDS/HIV,Rx
rituximab,Rheumatoid Arthritis,Rx
"rituximab, rituximab-arrx, rituximab-pvvr, rituximab-abbs brand names: rituxan , riabni , ruxience , truxima",Rheumatoid Arthritis,Rx
rivastigmine (oral),Alzheimer's,Rx
rizatriptan,Migraine,Rx
roflumilast,COPD,Rx
romosozumab,Osteoporosis,Rx
rosiglitazone,Diabetes (Type 2),Rx
rosuvastatin,Cholesterol,Rx
"rosuvastatin brand names: crestor , ezallor sprinkle",Cholesterol,Rx
saccharomyces boulardii lyo,Diarrhea,OTC
"salbutamol brand names: ventolin, airomir, asthalin, asmatol, azmasol, ... show all 8 brands salair, salamol, respigen and more",Asthma,Rx
salicylic acid (topical route),Acne,Rx/OTC
salicylic acid and sulfur (topical route),Acne,OTC
salicylic acid topical,Acne,Rx/OTC
salsalate,Osteoarthritis,Rx
saquinavir,AIDS/HIV,Rx
sarecycline,Acne,Rx
sarilumab,Rheumatoid Arthritis,Rx
saxagliptin,Diabetes (Type 2),Rx
secukinumab,Psoriasis,Rx
secukinumab brand name: cosentyx,Psoriasis,Rx
selegiline (oral),ADHD,Rx
selegiline (transdermal),Depression,Rx
semaglutide,Diabetes (Type 2),Rx
semaglutide,Weight Loss,Rx
"semaglutide brand names: ozempic , wegovy , rybelsus",Diabetes (Type 2),Rx
semaglutide injection,Diabetes (Type 2),Rx
sertraline,Bipolar Disorder,Rx
sertraline,Depression,Rx
setmelanotide,Weight Loss,Rx
sildenafil (oral),Erectile Dysfunction,Rx
simvastatin,Cholesterol,Rx
sitagliptin,Diabetes (Type 2),Rx
sodium biphosphate and sodium phosphate (oral),Constipation,Rx/OTC
sodium biphosphate and sodium phosphate (rectal),Constipation,Rx/OTC
sodium hyaluronate (injection),Osteoarthritis,Rx
sodium phosphate dibasic and sodium phosphate monobasic (oral route),Constipation,Rx/OTC
solifenacin,Incontinence,Rx
sorbitol,Constipation,Rx/OTC
sotrovimab,Covid 19,Rx
spironolactone,Acne,Rx
spironolactone,Hypertension,Rx
sucralfate (oral),GERD (Heartburn),Rx
sufentanil (sublingual route),Pain,Rx
sulfacetamide sodium and sulfur,Acne,Rx
sulfacetamide sodium and sulfur topical,Acne,Rx
"sulfacetamide sodium, sulfur",Acne,Rx
sulfamethoxazole and trimethoprim,Acne,Rx
sulfamethoxazole and trimethoprim (oral route),Acne,Rx
sulfamethoxazole and trimethoprim (oral route),Bronchitis,Rx
sulfamethoxazole and trimethoprim (oral),Acne,Rx
sulfamethoxazole and trimethoprim (oral/injection),Acne,Rx
sulfasalazine,Hair Loss,Rx
"sulfasalazine brand names: azulfidine , azulfidine en-tabs",Hair Loss,Rx
sulfur topical,Acne,Rx/OTC
sulindac,Osteoarthritis,Rx
sulindac (oral route),Osteoarthritis,Rx
sumatriptan,Migraine,Rx
sumatriptan (injection),Migraine,Rx
sumatriptan (nasal route),Migraine,Rx
sumatriptan (oral/nasal),Migraine,Rx
suvorexant,Insomnia,Rx
tacrolimus topical,Psoriasis,Rx
tadalafil,Erectile Dysfunction,Rx
tapentadol,Pain,Rx
tazarotene topical,Acne,Rx
telavancin,Pneumonia,Rx
telmisartan,Hypertension,Rx
temazepam,Insomnia,Rx
tenofovir,AIDS/HIV,Rx
tenofovir disoproxil,AIDS/HIV,Rx
teplizumab-mzwv,Diabetes (Type 1),Rx
terazosin,Hypertension,Rx
teriparatide,Osteoporosis,Rx
tetracycline,Acne,Rx
tetracycline hydrochloride,Acne,Rx
tezepelumab,Asthma,Rx
tezepelumab-ekko,Asthma,Rx
thioridazine,Schizophrenia,Rx
thiotepa,Cancer,Rx
thiothixene,Schizophrenia,Rx
thyroid (desiccated),Depression,Rx
thyroid desiccated,Hypothyroidism,Rx
tiagabine,Bipolar Disorder,Rx
tiagabine,Seizures,Rx
tigecycline,Pneumonia,Rx
tildrakizumab,Psoriasis,Rx
timolol,Angina,Rx
timothy grass pollen allergen extract,Hayfever,Rx
tipranavir,AIDS/HIV,Rx
tirzepatide,Diabetes (Type 2),Rx
tirzepatide (mown-jahr-oh),Diabetes (Type 2),Rx
tobramycin (inhalation),Pneumonia,Rx
tocilizumab,Covid 19,Rx
"tofacitinib brand names: xeljanz , xeljanz xr",Rheumatoid Arthritis,Rx
"tofacitinib brand names: xeljanz, xeljanz xr",Rheumatoid Arthritis,Rx
tolmetin,Osteoarthritis,Rx
tolterodine,Incontinence,Rx
topiramate,Bipolar Disorder,Rx
topiramate,Seizures,Rx
topotecan (oral/injection),Cancer,Rx
torsemide (oral/injection),Hypertension,Rx
tramadol,Anxiety,Rx
tramadol,Pain,Rx
tramadol hydrochloride,Pain,Rx
trandolapril,Hypertension,Rx
trandolapril and verapamil,Hypertension,Rx
tranylcypromine,Depression,Rx
trazodone,Anxiety,Rx
trazodone,Depression,Rx
trazodone (oral route),Depression,Rx
tretinoin topical,Acne,Rx
triamcinolone (injection route),Hair Loss,Rx
triamcinolone (injection route),Hayfever,Rx
triamcinolone (injection),Asthma,Rx
triamcinolone (nasal),Hayfever,OTC
triamcinolone (nasal),Hayfever,Rx/OTC
triamcinolone (oral),Asthma,Rx
triamcinolone (topical application route),Eczema,Rx
triamcinolone acetonide,Eczema,Rx
triamcinolone acetonide,Osteoarthritis,Rx
triamcinolone topical,Eczema,Rx
triazolam,Insomnia,Rx
trifarotene,Acne,Rx
trifarotene topical,Acne,Rx
trifluoperazine,Anxiety,Rx
trimethoprim,UTI,Rx
trimipramine,Depression,Rx
trimipramine (oral route),Depression,Rx
trisodium citrate dihydrate,GERD (Heartburn),Rx/OTC
trospium,Incontinence,Rx
ubrogepant,Migraine,Rx
ubrogepant brand name: ubrelvy,Migraine,Rx
umeclidinium,COPD,Rx
umeclidinium and vilanterol,COPD,Rx
upadacitinib,Rheumatoid Arthritis,Rx
upadacitinib brand name: rinvoq,Rheumatoid Arthritis,Rx
ustekinumab,Psoriasis,Rx
valacyclovir,Herpes,Rx
valproic acid (oral/injection),Bipolar Disorder,Rx
valsartan,Hypertension,Rx
vancomycin (intravenous route),Pneumonia,Rx
vancomycin (oral route),Pneumonia,Rx
vancomycin (oral),Pneumonia,Rx
vardenafil,Erectile Dysfunction,Rx
venlafaxine,Anxiety,Rx
venlafaxine hydrochloride,Depression,Rx
verapamil (oral route),Angina,Rx
verapamil (oral/injection),Angina,Rx
vigabatrin,Seizures,Rx
"vigabatrin brand names: sabril , vigadrone",Seizures,Rx
vilazodone,Anxiety,Rx
vilazodone,Depression,Rx
viloxazine,ADHD,Rx
vinblastine,Cancer,Rx
vincristine,Cancer,Rx
"vitamin e (vye ta min e), tocopherol alpha brand names: aqua-e, aquasol e , aquavite-e, aqueous vitamin e, e-400 clear",Alzheimer's,Rx/OTC
vitamin e (oral route),Alzheimer's,Rx/OTC
vortioxetine,Depression,Rx
zaleplon,Insomnia,Rx
zanamivir,Swine Flu,Rx
ziconotide,Pain,Rx
zidovudine (oral/injection),AIDS/HIV,Rx
ziprasidone,Bipolar Disorder,Rx
ziprasidone (oral/injection),Bipolar Disorder,Rx
zoledronic acid,Osteoporosis,Rx
zolmitriptan,Migraine,Rx
zolmitriptan (oral),Migraine,Rx
zolpidem,Insomnia,Rx
zolpidem (oral route),Insomnia,Rx
"zolpidem oral spray, metered",Insomnia,Rx
zonisamide,Seizures,Rx
"zopiclone brand names: imovane, zimovane, zimovane ls, imoclone, imrest, ... show all 11 brands lyzop, ziclone, zolinox, zolium, zopicon, zopitran and more",Insomnia,Rx
