,Username,FirstName,LastName,Gender,Age
0,leilajackson0,Leila,Jackson,Female,38
1,aditikhan1,Aditi,Khan,Female,90
2,carloschen2,Carlos,Chen,Male,55
3,zhanggarcia3,Zhang,Garcia,Male,38
4,emilyyamada4,Emily,Yamada,Female,35
5,rajpatel5,Raj,Patel,Male,45
6,aditikhan6,Aditi,Khan,Female,29
7,oliviahernandez7,Olivia,Hernandez,Female,38
8,rajgonzalez8,Raj,Gonzalez,Male,40
9,chenkim9,Chen,Kim,Male,50
10,mohammedlee10,Mohammed,Lee,Male,70
11,carlosalvarez11,Carlos,Alvarez,Male,35
12,jameskim12,James,Kim,Male,38
13,davidalvarez13,David,Alvarez,Male,42
14,oliviakhan14,Olivia,Khan,Female,40
15,aditihernandez15,Aditi,Hernandez,Female,42
16,ninamartinez16,Nina,Martinez,Female,65
17,hanadavies17,Hana,Davies,Female,55
18,mariasharma18,Maria,Sharma,Female,80
19,fatimasharma19,Fatima,Sharma,Female,60
20,fatimanguyen20,Fatima,Nguyen,Female,45
21,chenbrown21,Chen,Brown,Male,60
22,carlosgarcia22,Carlos,Garcia,Male,45
23,emilykhan23,Emily,Khan,Female,65
24,johnbrown24,John,Brown,Male,29
25,rajgarcia25,Raj,Garcia,Male,55
26,aditinguyen26,Aditi,Nguyen,Female,50
27,oliviawang27,Olivia,Wang,Female,80
28,oliviarodriguez28,Olivia,Rodriguez,Female,30
29,emilysharma29,Emily,Sharma,Female,35
30,ayumisharma30,Ayumi,Sharma,Female,45
31,sofiamartinez31,Sofia,Martinez,Female,45
32,zhangsingh32,Zhang,Singh,Male,55
33,rajsmith33,Raj,Smith,Male,45
34,zhangbrown34,Zhang,Brown,Male,45
35,jamesbrown35,James,Brown,Male,31
36,fatimawang36,Fatima,Wang,Female,32
37,jamessingh37,James,Singh,Male,55
38,emilyhernandez38,Emily,Hernandez,Female,65
39,ninawang39,Nina,Wang,Female,40
40,johnpatel40,John,Patel,Male,65
41,mohammedgonzalez41,Mohammed,Gonzalez,Male,40
42,mariayamada42,Maria,Yamada,Female,29
43,marianguyen43,Maria,Nguyen,Female,70
44,chengarcia44,Chen,Garcia,Male,45
45,mohammedlee45,Mohammed,Lee,Male,57
46,jamessingh46,James,Singh,Male,35
47,marianguyen47,Maria,Nguyen,Female,65
48,fatimasharma48,Fatima,Sharma,Female,29
49,zhangsmith49,Zhang,Smith,Male,52
50,ahmedlee50,Ahmed,Lee,Male,55
51,rajgonzalez51,Raj,Gonzalez,Male,85
52,rajsingh52,Raj,Singh,Male,31
53,carlospatel53,Carlos,Patel,Male,70
54,chenalvarez54,Chen,Alvarez,Male,35
55,aditiyamada55,Aditi,Yamada,Female,55
56,sofiakhan56,Sofia,Khan,Female,30
57,ahmedsmith57,Ahmed,Smith,Male,50
58,danielgarcia58,Daniel,Garcia,Male,35
59,oliviajackson59,Olivia,Jackson,Female,30
60,ninanguyen60,Nina,Nguyen,Female,25
61,emilyjackson61,Emily,Jackson,Female,31
62,mariawang62,Maria,Wang,Female,38
63,leiladavies63,Leila,Davies,Female,55
64,danielkim64,Daniel,Kim,Male,65
65,ayuminguyen65,Ayumi,Nguyen,Female,45
66,zhangalvarez66,Zhang,Alvarez,Male,50
67,ahmedsingh67,Ahmed,Singh,Male,30
68,jamesbrown68,James,Brown,Male,45
69,johnlee69,John,Lee,Male,45
70,sofiahernandez70,Sofia,Hernandez,Female,55
71,emilywang71,Emily,Wang,Female,60
72,davidpatel72,David,Patel,Male,55
73,jamesgarcia73,James,Garcia,Male,50
74,danielbrown74,Daniel,Brown,Male,55
75,jamessmith75,James,Smith,Male,45
76,ayumimartinez76,Ayumi,Martinez,Female,60
77,sofianguyen77,Sofia,Nguyen,Female,50
78,davidgarcia78,David,Garcia,Male,50
79,emilywang79,Emily,Wang,Female,50
80,leilamartinez80,Leila,Martinez,Female,70
81,jamessmith81,James,Smith,Male,31
82,aditijackson82,Aditi,Jackson,Female,60
83,carlossingh83,Carlos,Singh,Male,50
84,mohammedalvarez84,Mohammed,Alvarez,Male,55
85,marianguyen85,Maria,Nguyen,Female,45
86,danielalvarez86,Daniel,Alvarez,Male,30
87,hananguyen87,Hana,Nguyen,Female,42
88,jamesgarcia88,James,Garcia,Male,29
89,leilakhan89,Leila,Khan,Female,60
90,danielpatel90,Daniel,Patel,Male,35
91,sofiahernandez91,Sofia,Hernandez,Female,80
92,ninarodriguez92,Nina,Rodriguez,Female,65
93,fatimamartinez93,Fatima,Martinez,Female,28
94,fatimanguyen94,Fatima,Nguyen,Female,80
95,carlosgonzalez95,Carlos,Gonzalez,Male,40
96,sofianguyen96,Sofia,Nguyen,Female,40
97,zhanggarcia97,Zhang,Garcia,Male,35
98,mohammedsmith98,Mohammed,Smith,Male,40
99,zhanggonzalez99,Zhang,Gonzalez,Male,35
100,zhangpatel100,Zhang,Patel,Male,45
101,ninasharma101,Nina,Sharma,Female,60
102,leilamartinez102,Leila,Martinez,Female,55
103,fatimanguyen103,Fatima,Nguyen,Female,50
104,ahmedbrown104,Ahmed,Brown,Male,30
105,zhanggonzalez105,Zhang,Gonzalez,Male,30
106,davidkim106,David,Kim,Male,40
107,rajsingh107,Raj,Singh,Male,45
108,emilymartinez108,Emily,Martinez,Female,70
109,oliviahernandez109,Olivia,Hernandez,Female,55
110,hananguyen110,Hana,Nguyen,Female,30
111,hanakhan111,Hana,Khan,Female,30
112,mohammedalvarez112,Mohammed,Alvarez,Male,35
113,aditinguyen113,Aditi,Nguyen,Female,50
114,danielbrown114,Daniel,Brown,Male,60
115,emilyhernandez115,Emily,Hernandez,Female,38
116,carlosbrown116,Carlos,Brown,Male,45
117,mohammedgonzalez117,Mohammed,Gonzalez,Male,50
118,ninasharma118,Nina,Sharma,Female,30
119,emilyyamada119,Emily,Yamada,Female,50
120,davidsmith120,David,Smith,Male,38
121,oliviarodriguez121,Olivia,Rodriguez,Female,40
122,marianguyen122,Maria,Nguyen,Female,55
123,zhangbrown123,Zhang,Brown,Male,25
124,johnsingh124,John,Singh,Male,50
125,mohammedgarcia125,Mohammed,Garcia,Male,55
126,davidgarcia126,David,Garcia,Male,60
127,johnkim127,John,Kim,Male,50
128,ahmedalvarez128,Ahmed,Alvarez,Male,29
129,zhangsingh129,Zhang,Singh,Male,85
130,fatimajackson130,Fatima,Jackson,Female,30
131,sofiasharma131,Sofia,Sharma,Female,45
132,danielgonzalez132,Daniel,Gonzalez,Male,35
133,hanarodriguez133,Hana,Rodriguez,Female,50
134,carloschen134,Carlos,Chen,Male,52
135,johnalvarez135,John,Alvarez,Male,31
136,carlossingh136,Carlos,Singh,Male,35
137,zhanggarcia137,Zhang,Garcia,Male,50
138,hanasharma138,Hana,Sharma,Female,50
139,oliviakhan139,Olivia,Khan,Female,50
140,mohammedbrown140,Mohammed,Brown,Male,40
141,zhangalvarez141,Zhang,Alvarez,Male,45
142,aditijackson142,Aditi,Jackson,Female,30
143,emilysharma143,Emily,Sharma,Female,30
144,leilamartinez144,Leila,Martinez,Female,29
145,mariayamada145,Maria,Yamada,Female,43
146,fatimarodriguez146,Fatima,Rodriguez,Female,65
147,leiladavies147,Leila,Davies,Female,45
148,chensmith148,Chen,Smith,Male,55
149,rajkim149,Raj,Kim,Male,35
150,chensingh150,Chen,Singh,Male,60
151,oliviawang151,Olivia,Wang,Female,35
152,leiladavies152,Leila,Davies,Female,45
153,mariahernandez153,Maria,Hernandez,Female,30
154,ahmedalvarez154,Ahmed,Alvarez,Male,35
155,leilayamada155,Leila,Yamada,Female,40
156,rajgonzalez156,Raj,Gonzalez,Male,60
157,jamespatel157,James,Patel,Male,30
158,chenalvarez158,Chen,Alvarez,Male,38
159,johngonzalez159,John,Gonzalez,Male,30
160,zhanggonzalez160,Zhang,Gonzalez,Male,70
161,ahmedgarcia161,Ahmed,Garcia,Male,60
162,carloschen162,Carlos,Chen,Male,70
163,davidkim163,David,Kim,Male,40
164,ayumisharma164,Ayumi,Sharma,Female,90
165,aditijackson165,Aditi,Jackson,Female,50
166,jameskim166,James,Kim,Male,45
167,fatimajackson167,Fatima,Jackson,Female,50
168,mohammedchen168,Mohammed,Chen,Male,60
169,sofiasharma169,Sofia,Sharma,Female,40
170,carlossmith170,Carlos,Smith,Male,40
171,mohammedgarcia171,Mohammed,Garcia,Male,50
172,leilanguyen172,Leila,Nguyen,Female,55
173,jamesalvarez173,James,Alvarez,Male,45
174,mariarodriguez174,Maria,Rodriguez,Female,40
175,emilydavies175,Emily,Davies,Female,65
176,aditinguyen176,Aditi,Nguyen,Female,45
177,ayumihernandez177,Ayumi,Hernandez,Female,50
178,danielgarcia178,Daniel,Garcia,Male,65
179,danielgonzalez179,Daniel,Gonzalez,Male,50
180,chenalvarez180,Chen,Alvarez,Male,45
181,jameskim181,James,Kim,Male,42
182,johnalvarez182,John,Alvarez,Male,65
183,ninayamada183,Nina,Yamada,Female,43
184,carlospatel184,Carlos,Patel,Male,35
185,jamessmith185,James,Smith,Male,50
186,johngonzalez186,John,Gonzalez,Male,45
187,mohammedalvarez187,Mohammed,Alvarez,Male,40
188,mariasharma188,Maria,Sharma,Female,65
189,zhangbrown189,Zhang,Brown,Male,31
190,leilamartinez190,Leila,Martinez,Female,55
191,ayumirodriguez191,Ayumi,Rodriguez,Female,60
192,davidkim192,David,Kim,Male,40
193,johnbrown193,John,Brown,Male,38
194,chenchen194,Chen,Chen,Male,40
195,mohammedkim195,Mohammed,Kim,Male,35
196,leilawang196,Leila,Wang,Female,45
197,davidsingh197,David,Singh,Male,40
198,sofiamartinez198,Sofia,Martinez,Female,25
199,aditiwang199,Aditi,Wang,Female,40
200,carlosgonzalez200,Carlos,Gonzalez,Male,50
201,emilyhernandez201,Emily,Hernandez,Female,31
202,emilynguyen202,Emily,Nguyen,Female,70
203,chenkim203,Chen,Kim,Male,50
204,mariarodriguez204,Maria,Rodriguez,Female,50
205,carlosalvarez205,Carlos,Alvarez,Male,40
206,ninarodriguez206,Nina,Rodriguez,Female,40
207,ahmedsingh207,Ahmed,Singh,Male,31
208,jamespatel208,James,Patel,Male,45
209,daniellee209,Daniel,Lee,Male,50
210,emilyjackson210,Emily,Jackson,Female,43
211,danielsingh211,Daniel,Singh,Male,45
212,emilyyamada212,Emily,Yamada,Female,55
213,mohammedbrown213,Mohammed,Brown,Male,65
214,emilydavies214,Emily,Davies,Female,48
215,hanamartinez215,Hana,Martinez,Female,45
216,mariadavies216,Maria,Davies,Female,40
217,mohammedalvarez217,Mohammed,Alvarez,Male,55
218,mariasharma218,Maria,Sharma,Female,60
219,leilahernandez219,Leila,Hernandez,Female,60
220,jamesbrown220,James,Brown,Male,65
221,leilamartinez221,Leila,Martinez,Female,38
222,carloskim222,Carlos,Kim,Male,45
223,davidbrown223,David,Brown,Male,52
224,johnbrown224,John,Brown,Male,42
225,aditikhan225,Aditi,Khan,Female,35
226,danielgonzalez226,Daniel,Gonzalez,Male,45
227,aditijackson227,Aditi,Jackson,Female,40
228,leilamartinez228,Leila,Martinez,Female,45
229,ayumikhan229,Ayumi,Khan,Female,65
230,emilywang230,Emily,Wang,Female,90
231,fatimamartinez231,Fatima,Martinez,Female,55
232,emilywang232,Emily,Wang,Female,42
233,mohammedgarcia233,Mohammed,Garcia,Male,55
234,rajkim234,Raj,Kim,Male,85
235,oliviarodriguez235,Olivia,Rodriguez,Female,42
236,aditiyamada236,Aditi,Yamada,Female,42
237,hanajackson237,Hana,Jackson,Female,45
238,oliviasharma238,Olivia,Sharma,Female,65
239,danielsingh239,Daniel,Singh,Male,40
240,ninanguyen240,Nina,Nguyen,Female,30
241,sofiayamada241,Sofia,Yamada,Female,70
242,zhangsingh242,Zhang,Singh,Male,40
243,fatimarodriguez243,Fatima,Rodriguez,Female,55
244,zhangbrown244,Zhang,Brown,Male,42
245,aditidavies245,Aditi,Davies,Female,60
246,mariamartinez246,Maria,Martinez,Female,38
247,hanamartinez247,Hana,Martinez,Female,55
248,ahmedkim248,Ahmed,Kim,Male,55
249,chenpatel249,Chen,Patel,Male,42
250,zhanggonzalez250,Zhang,Gonzalez,Male,85
251,sofiakhan251,Sofia,Khan,Female,39
252,emilynguyen252,Emily,Nguyen,Female,35
253,oliviamartinez253,Olivia,Martinez,Female,25
254,aditikhan254,Aditi,Khan,Female,60
255,emilyjackson255,Emily,Jackson,Female,55
256,zhangsingh256,Zhang,Singh,Male,40
257,ayumirodriguez257,Ayumi,Rodriguez,Female,30
258,leilakhan258,Leila,Khan,Female,43
259,ayumisharma259,Ayumi,Sharma,Female,28
260,jamesalvarez260,James,Alvarez,Male,50
261,mariamartinez261,Maria,Martinez,Female,38
262,oliviarodriguez262,Olivia,Rodriguez,Female,42
263,ninamartinez263,Nina,Martinez,Female,60
264,mohammedsmith264,Mohammed,Smith,Male,50
265,aditijackson265,Aditi,Jackson,Female,40
266,rajpatel266,Raj,Patel,Male,42
267,fatimahernandez267,Fatima,Hernandez,Female,31
268,oliviajackson268,Olivia,Jackson,Female,40
269,ahmedbrown269,Ahmed,Brown,Male,45
270,ahmedbrown270,Ahmed,Brown,Male,40
271,zhanggonzalez271,Zhang,Gonzalez,Male,35
272,carlossmith272,Carlos,Smith,Male,40
273,johnbrown273,John,Brown,Male,38
274,zhangkim274,Zhang,Kim,Male,70
275,emilywang275,Emily,Wang,Female,55
276,aditimartinez276,Aditi,Martinez,Female,50
277,oliviadavies277,Olivia,Davies,Female,39
278,hanawang278,Hana,Wang,Female,38
279,chengonzalez279,Chen,Gonzalez,Male,42
280,ninadavies280,Nina,Davies,Female,90
281,ayumiyamada281,Ayumi,Yamada,Female,70
282,leiladavies282,Leila,Davies,Female,45
283,carloskim283,Carlos,Kim,Male,65
284,jamesbrown284,James,Brown,Male,45
285,ahmedkim285,Ahmed,Kim,Male,50
286,carlospatel286,Carlos,Patel,Male,45
287,johnsmith287,John,Smith,Male,45
288,rajsmith288,Raj,Smith,Male,35
289,ayumidavies289,Ayumi,Davies,Female,60
290,rajkim290,Raj,Kim,Male,60
291,fatimanguyen291,Fatima,Nguyen,Female,60
292,davidkim292,David,Kim,Male,40
293,ahmedgarcia293,Ahmed,Garcia,Male,45
294,mohammedalvarez294,Mohammed,Alvarez,Male,40
295,sofiajackson295,Sofia,Jackson,Female,30
296,carloschen296,Carlos,Chen,Male,45
297,johnkim297,John,Kim,Male,29
298,zhangbrown298,Zhang,Brown,Male,50
299,ayumiyamada299,Ayumi,Yamada,Female,42
300,oliviasharma300,Olivia,Sharma,Female,30
301,hanayamada301,Hana,Yamada,Female,50
302,mohammedalvarez302,Mohammed,Alvarez,Male,31
303,ayumikhan303,Ayumi,Khan,Female,55
304,chengarcia304,Chen,Garcia,Male,60
305,jamespatel305,James,Patel,Male,30
306,mohammedkim306,Mohammed,Kim,Male,50
307,danielsingh307,Daniel,Singh,Male,60
308,ahmedkim308,Ahmed,Kim,Male,60
309,hanadavies309,Hana,Davies,Female,35
310,carlospatel310,Carlos,Patel,Male,60
311,emilyjackson311,Emily,Jackson,Female,65
312,emilyjackson312,Emily,Jackson,Female,60
313,fatimadavies313,Fatima,Davies,Female,42
314,ahmedkim314,Ahmed,Kim,Male,25
315,oliviahernandez315,Olivia,Hernandez,Female,30
316,ninajackson316,Nina,Jackson,Female,45
317,ninajackson317,Nina,Jackson,Female,30
318,ninanguyen318,Nina,Nguyen,Female,29
319,zhanggonzalez319,Zhang,Gonzalez,Male,45
320,johnchen320,John,Chen,Male,50
321,aditisharma321,Aditi,Sharma,Female,42
322,chenbrown322,Chen,Brown,Male,30
323,aditimartinez323,Aditi,Martinez,Female,25
324,hanakhan324,Hana,Khan,Female,38
325,zhanggonzalez325,Zhang,Gonzalez,Male,50
326,leilarodriguez326,Leila,Rodriguez,Female,30
327,hanasharma327,Hana,Sharma,Female,60
328,emilyhernandez328,Emily,Hernandez,Female,90
329,hanajackson329,Hana,Jackson,Female,60
330,ahmedsingh330,Ahmed,Singh,Male,45
331,carloskim331,Carlos,Kim,Male,35
332,fatimasharma332,Fatima,Sharma,Female,38
333,marianguyen333,Maria,Nguyen,Female,45
334,mohammedchen334,Mohammed,Chen,Male,40
335,aditidavies335,Aditi,Davies,Female,45
336,chensingh336,Chen,Singh,Male,55
337,danielsingh337,Daniel,Singh,Male,45
338,oliviarodriguez338,Olivia,Rodriguez,Female,55
339,sofiayamada339,Sofia,Yamada,Female,65
340,davidsmith340,David,Smith,Male,40
341,ayumidavies341,Ayumi,Davies,Female,29
342,emilykhan342,Emily,Khan,Female,60
343,rajgonzalez343,Raj,Gonzalez,Male,50
344,marianguyen344,Maria,Nguyen,Female,31
345,mariayamada345,Maria,Yamada,Female,35
346,emilysharma346,Emily,Sharma,Female,65
347,danielbrown347,Daniel,Brown,Male,45
348,sofiasharma348,Sofia,Sharma,Female,60
349,danielsmith349,Daniel,Smith,Male,40
350,aditihernandez350,Aditi,Hernandez,Female,60
351,leilanguyen351,Leila,Nguyen,Female,70
352,ahmedchen352,Ahmed,Chen,Male,42
353,davidgarcia353,David,Garcia,Male,40
354,mariawang354,Maria,Wang,Female,42
355,jamesalvarez355,James,Alvarez,Male,56
356,ahmedgarcia356,Ahmed,Garcia,Male,38
357,johnbrown357,John,Brown,Male,60
358,jameskim358,James,Kim,Male,55
359,chenkim359,Chen,Kim,Male,45
360,aditijackson360,Aditi,Jackson,Female,30
361,leilahernandez361,Leila,Hernandez,Female,45
362,leilanguyen362,Leila,Nguyen,Female,55
363,carloskim363,Carlos,Kim,Male,30
364,zhangalvarez364,Zhang,Alvarez,Male,65
365,mariamartinez365,Maria,Martinez,Female,29
366,oliviamartinez366,Olivia,Martinez,Female,65
367,zhangchen367,Zhang,Chen,Male,65
368,ayumihernandez368,Ayumi,Hernandez,Female,30
369,zhangchen369,Zhang,Chen,Male,45
370,hanadavies370,Hana,Davies,Female,29
371,emilysharma371,Emily,Sharma,Female,65
372,sofiayamada372,Sofia,Yamada,Female,55
373,davidsmith373,David,Smith,Male,40
374,carlossmith374,Carlos,Smith,Male,40
375,zhangsmith375,Zhang,Smith,Male,35
376,emilydavies376,Emily,Davies,Female,65
377,sofiayamada377,Sofia,Yamada,Female,60
378,ahmedbrown378,Ahmed,Brown,Male,50
379,ayumirodriguez379,Ayumi,Rodriguez,Female,70
380,ahmedgonzalez380,Ahmed,Gonzalez,Male,31
381,chensingh381,Chen,Singh,Male,42
382,aditijackson382,Aditi,Jackson,Female,45
383,chenalvarez383,Chen,Alvarez,Male,35
384,davidsingh384,David,Singh,Male,45
385,rajpatel385,Raj,Patel,Male,40
386,hanasharma386,Hana,Sharma,Female,42
387,oliviamartinez387,Olivia,Martinez,Female,65
388,mariamartinez388,Maria,Martinez,Female,35
389,hanawang389,Hana,Wang,Female,70
390,ahmedlee390,Ahmed,Lee,Male,65
391,johnbrown391,John,Brown,Male,45
392,oliviasharma392,Olivia,Sharma,Female,45
393,oliviahernandez393,Olivia,Hernandez,Female,65
394,jameskim394,James,Kim,Male,55
395,oliviarodriguez395,Olivia,Rodriguez,Female,31
396,mohammedalvarez396,Mohammed,Alvarez,Male,38
397,oliviasharma397,Olivia,Sharma,Female,55
398,danielgonzalez398,Daniel,Gonzalez,Male,31
399,ninakhan399,Nina,Khan,Female,35
400,chenlee400,Chen,Lee,Male,38
401,rajgarcia401,Raj,Garcia,Male,25
402,leilayamada402,Leila,Yamada,Female,38
403,fatimajackson403,Fatima,Jackson,Female,45
404,ahmedkim404,Ahmed,Kim,Male,55
405,mariayamada405,Maria,Yamada,Female,30
406,chensingh406,Chen,Singh,Male,65
407,mariamartinez407,Maria,Martinez,Female,65
408,jamessmith408,James,Smith,Male,42
409,fatimasharma409,Fatima,Sharma,Female,55
410,hanawang410,Hana,Wang,Female,40
411,sofiakhan411,Sofia,Khan,Female,38
412,oliviadavies412,Olivia,Davies,Female,42
413,mariakhan413,Maria,Khan,Female,42
414,mariasharma414,Maria,Sharma,Female,42
415,ayumirodriguez415,Ayumi,Rodriguez,Female,40
416,hanadavies416,Hana,Davies,Female,65
417,mohammedkim417,Mohammed,Kim,Male,60
418,zhangbrown418,Zhang,Brown,Male,35
419,ayuminguyen419,Ayumi,Nguyen,Female,35
420,ahmedbrown420,Ahmed,Brown,Male,85
421,rajsingh421,Raj,Singh,Male,50
422,oliviarodriguez422,Olivia,Rodriguez,Female,40
423,ninajackson423,Nina,Jackson,Female,65
424,emilydavies424,Emily,Davies,Female,60
425,davidpatel425,David,Patel,Male,40
426,ahmedsingh426,Ahmed,Singh,Male,40
427,ayumiwang427,Ayumi,Wang,Female,35
428,rajchen428,Raj,Chen,Male,40
429,mariamartinez429,Maria,Martinez,Female,19
430,fatimayamada430,Fatima,Yamada,Female,50
431,mohammedkim431,Mohammed,Kim,Male,60
432,zhangchen432,Zhang,Chen,Male,35
433,chengarcia433,Chen,Garcia,Male,40
434,danielgonzalez434,Daniel,Gonzalez,Male,40
435,aditiwang435,Aditi,Wang,Female,30
436,danielkim436,Daniel,Kim,Male,35
437,fatimawang437,Fatima,Wang,Female,50
438,mohammedkim438,Mohammed,Kim,Male,55
439,carlosalvarez439,Carlos,Alvarez,Male,45
440,fatimawang440,Fatima,Wang,Female,45
441,sofiayamada441,Sofia,Yamada,Female,35
442,chenlee442,Chen,Lee,Male,60
443,emilyyamada443,Emily,Yamada,Female,90
444,ninadavies444,Nina,Davies,Female,55
445,ahmedbrown445,Ahmed,Brown,Male,35
446,mohammedkim446,Mohammed,Kim,Male,42
447,zhangchen447,Zhang,Chen,Male,42
448,danielsmith448,Daniel,Smith,Male,35
449,fatimawang449,Fatima,Wang,Female,45
450,chenkim450,Chen,Kim,Male,60
451,johngonzalez451,John,Gonzalez,Male,50
452,sofiajackson452,Sofia,Jackson,Female,35
453,emilysharma453,Emily,Sharma,Female,30
454,mariawang454,Maria,Wang,Female,35
455,jamesalvarez455,James,Alvarez,Male,50
456,zhanggonzalez456,Zhang,Gonzalez,Male,48
457,mohammedsmith457,Mohammed,Smith,Male,50
458,oliviajackson458,Olivia,Jackson,Female,70
459,fatimadavies459,Fatima,Davies,Female,30
460,ahmedgonzalez460,Ahmed,Gonzalez,Male,38
461,marianguyen461,Maria,Nguyen,Female,60
462,hananguyen462,Hana,Nguyen,Female,55
463,danielbrown463,Daniel,Brown,Male,50
464,ayumiyamada464,Ayumi,Yamada,Female,30
465,leilamartinez465,Leila,Martinez,Female,55
466,oliviadavies466,Olivia,Davies,Female,28
467,rajkim467,Raj,Kim,Male,55
468,johnsingh468,John,Singh,Male,65
469,johngarcia469,John,Garcia,Male,38
470,carlosalvarez470,Carlos,Alvarez,Male,60
471,chenalvarez471,Chen,Alvarez,Male,45
472,danielgonzalez472,Daniel,Gonzalez,Male,50
473,hanahernandez473,Hana,Hernandez,Female,55
474,oliviayamada474,Olivia,Yamada,Female,42
475,rajpatel475,Raj,Patel,Male,35
476,ninadavies476,Nina,Davies,Female,55
477,danielpatel477,Daniel,Patel,Male,65
478,chenbrown478,Chen,Brown,Male,25
479,oliviawang479,Olivia,Wang,Female,29
480,sofiahernandez480,Sofia,Hernandez,Female,60
481,mohammedkim481,Mohammed,Kim,Male,70
482,sofiadavies482,Sofia,Davies,Female,55
483,hanahernandez483,Hana,Hernandez,Female,55
484,marianguyen484,Maria,Nguyen,Female,43
485,ahmedsingh485,Ahmed,Singh,Male,70
486,mohammedlee486,Mohammed,Lee,Male,42
487,marianguyen487,Maria,Nguyen,Female,45
488,rajalvarez488,Raj,Alvarez,Male,45
489,hanahernandez489,Hana,Hernandez,Female,30
490,ayuminguyen490,Ayumi,Nguyen,Female,45
491,chenchen491,Chen,Chen,Male,38
492,oliviakhan492,Olivia,Khan,Female,55
493,emilyyamada493,Emily,Yamada,Female,65
494,chenkim494,Chen,Kim,Male,35
495,jamesgarcia495,James,Garcia,Male,45
496,johnkim496,John,Kim,Male,70
497,leilahernandez497,Leila,Hernandez,Female,30
498,ahmedchen498,Ahmed,Chen,Male,30
499,zhangsmith499,Zhang,Smith,Male,60
500,fatimajackson500,Fatima,Jackson,Female,29
501,davidchen501,David,Chen,Male,35
502,aditisharma502,Aditi,Sharma,Female,60
503,rajbrown503,Raj,Brown,Male,55
504,ahmedalvarez504,Ahmed,Alvarez,Male,52
505,hanakhan505,Hana,Khan,Female,30
506,zhangkim506,Zhang,Kim,Male,50
507,aditiwang507,Aditi,Wang,Female,70
508,mohammedbrown508,Mohammed,Brown,Male,35
509,ayumimartinez509,Ayumi,Martinez,Female,55
510,hanawang510,Hana,Wang,Female,35
511,chengarcia511,Chen,Garcia,Male,35
512,hananguyen512,Hana,Nguyen,Female,40
513,fatimajackson513,Fatima,Jackson,Female,38
514,mariakhan514,Maria,Khan,Female,45
515,fatimasharma515,Fatima,Sharma,Female,65
516,zhanglee516,Zhang,Lee,Male,40
517,mohammedsingh517,Mohammed,Singh,Male,35
518,zhanglee518,Zhang,Lee,Male,50
519,chengarcia519,Chen,Garcia,Male,60
520,hanayamada520,Hana,Yamada,Female,55
521,mariarodriguez521,Maria,Rodriguez,Female,45
522,ninadavies522,Nina,Davies,Female,45
523,aditimartinez523,Aditi,Martinez,Female,50
524,ayumirodriguez524,Ayumi,Rodriguez,Female,45
525,aditisharma525,Aditi,Sharma,Female,38
526,emilyjackson526,Emily,Jackson,Female,30
527,davidlee527,David,Lee,Male,35
528,carloslee528,Carlos,Lee,Male,42
529,mohammedgonzalez529,Mohammed,Gonzalez,Male,42
530,davidbrown530,David,Brown,Male,45
531,rajgarcia531,Raj,Garcia,Male,50
532,leiladavies532,Leila,Davies,Female,30
533,sofiayamada533,Sofia,Yamada,Female,55
534,danielsingh534,Daniel,Singh,Male,45
535,sofiasharma535,Sofia,Sharma,Female,29
536,ayuminguyen536,Ayumi,Nguyen,Female,60
537,jameslee537,James,Lee,Male,50
538,carlospatel538,Carlos,Patel,Male,60
539,mohammedalvarez539,Mohammed,Alvarez,Male,56
540,rajkim540,Raj,Kim,Male,35
541,zhanggarcia541,Zhang,Garcia,Male,35
542,zhangsmith542,Zhang,Smith,Male,50
543,hanahernandez543,Hana,Hernandez,Female,70
544,sofianguyen544,Sofia,Nguyen,Female,45
545,jamesbrown545,James,Brown,Male,29
546,leilawang546,Leila,Wang,Female,45
547,chenalvarez547,Chen,Alvarez,Male,38
548,danielgarcia548,Daniel,Garcia,Male,50
549,davidbrown549,David,Brown,Male,35
550,danielbrown550,Daniel,Brown,Male,55
551,danielsingh551,Daniel,Singh,Male,60
552,jamesgonzalez552,James,Gonzalez,Male,50
553,carlosgonzalez553,Carlos,Gonzalez,Male,50
554,johnkim554,John,Kim,Male,31
555,danielbrown555,Daniel,Brown,Male,70
556,mohammedgarcia556,Mohammed,Garcia,Male,42
557,leiladavies557,Leila,Davies,Female,35
558,sofiarodriguez558,Sofia,Rodriguez,Female,38
559,mohammedgonzalez559,Mohammed,Gonzalez,Male,30
560,jamesbrown560,James,Brown,Male,31
561,rajlee561,Raj,Lee,Male,42
562,mohammedsingh562,Mohammed,Singh,Male,42
563,ayumidavies563,Ayumi,Davies,Female,35
564,emilyrodriguez564,Emily,Rodriguez,Female,30
565,davidbrown565,David,Brown,Male,38
566,davidkim566,David,Kim,Male,45
567,sofianguyen567,Sofia,Nguyen,Female,30
568,ayumijackson568,Ayumi,Jackson,Female,45
569,chenalvarez569,Chen,Alvarez,Male,50
570,danielpatel570,Daniel,Patel,Male,40
571,danielbrown571,Daniel,Brown,Male,40
572,chensmith572,Chen,Smith,Male,45
573,johngonzalez573,John,Gonzalez,Male,50
574,aditiyamada574,Aditi,Yamada,Female,50
575,carloskim575,Carlos,Kim,Male,50
576,chenpatel576,Chen,Patel,Male,70
577,carloskim577,Carlos,Kim,Male,42
578,sofiayamada578,Sofia,Yamada,Female,50
579,jamesgonzalez579,James,Gonzalez,Male,35
580,oliviayamada580,Olivia,Yamada,Female,28
581,hanajackson581,Hana,Jackson,Female,35
582,jameschen582,James,Chen,Male,55
583,mariadavies583,Maria,Davies,Female,50
584,emilyhernandez584,Emily,Hernandez,Female,25
585,chenkim585,Chen,Kim,Male,45
586,emilyhernandez586,Emily,Hernandez,Female,40
587,johnkim587,John,Kim,Male,45
588,ninajackson588,Nina,Jackson,Female,45
589,chenkim589,Chen,Kim,Male,60
590,chensmith590,Chen,Smith,Male,40
591,mariadavies591,Maria,Davies,Female,45
592,johngarcia592,John,Garcia,Male,25
593,ninahernandez593,Nina,Hernandez,Female,30
594,hananguyen594,Hana,Nguyen,Female,45
595,mohammedgarcia595,Mohammed,Garcia,Male,70
596,ninakhan596,Nina,Khan,Female,40
597,emilymartinez597,Emily,Martinez,Female,65
598,mariahernandez598,Maria,Hernandez,Female,70
599,emilynguyen599,Emily,Nguyen,Female,42
600,leilamartinez600,Leila,Martinez,Female,65
601,mohammedlee601,Mohammed,Lee,Male,50
602,aditiwang602,Aditi,Wang,Female,60
603,sofianguyen603,Sofia,Nguyen,Female,40
604,mariawang604,Maria,Wang,Female,60
605,fatimayamada605,Fatima,Yamada,Female,35
606,zhangkim606,Zhang,Kim,Male,55
607,carlosgarcia607,Carlos,Garcia,Male,60
608,johngonzalez608,John,Gonzalez,Male,45
609,carlosgonzalez609,Carlos,Gonzalez,Male,45
610,jamesbrown610,James,Brown,Male,35
611,johngonzalez611,John,Gonzalez,Male,45
612,chenpatel612,Chen,Patel,Male,85
613,rajsmith613,Raj,Smith,Male,29
614,hanasharma614,Hana,Sharma,Female,30
615,johnlee615,John,Lee,Male,40
616,chenlee616,Chen,Lee,Male,45
617,mariajackson617,Maria,Jackson,Female,40
618,chenalvarez618,Chen,Alvarez,Male,52
619,rajgonzalez619,Raj,Gonzalez,Male,50
620,davidbrown620,David,Brown,Male,40
621,mariakhan621,Maria,Khan,Female,35
622,emilysharma622,Emily,Sharma,Female,42
623,ayumikhan623,Ayumi,Khan,Female,65
624,leilajackson624,Leila,Jackson,Female,19
625,fatimadavies625,Fatima,Davies,Female,90
626,davidsingh626,David,Singh,Male,45
627,hanamartinez627,Hana,Martinez,Female,45
628,carlossmith628,Carlos,Smith,Male,65
629,ninarodriguez629,Nina,Rodriguez,Female,40
630,ninahernandez630,Nina,Hernandez,Female,40
631,sofiayamada631,Sofia,Yamada,Female,35
632,zhanggonzalez632,Zhang,Gonzalez,Male,30
633,danielchen633,Daniel,Chen,Male,45
634,fatimadavies634,Fatima,Davies,Female,43
635,davidalvarez635,David,Alvarez,Male,45
636,fatimanguyen636,Fatima,Nguyen,Female,65
637,ninasharma637,Nina,Sharma,Female,60
638,ahmedgarcia638,Ahmed,Garcia,Male,42
639,sofiasharma639,Sofia,Sharma,Female,35
640,mariakhan640,Maria,Khan,Female,50
641,leiladavies641,Leila,Davies,Female,48
642,zhanglee642,Zhang,Lee,Male,55
643,chenpatel643,Chen,Patel,Male,50
644,emilyhernandez644,Emily,Hernandez,Female,45
645,hanajackson645,Hana,Jackson,Female,50
646,oliviasharma646,Olivia,Sharma,Female,42
647,hanayamada647,Hana,Yamada,Female,29
648,aditinguyen648,Aditi,Nguyen,Female,30
649,ahmedsingh649,Ahmed,Singh,Male,50
650,daniellee650,Daniel,Lee,Male,65
651,leiladavies651,Leila,Davies,Female,29
652,davidgarcia652,David,Garcia,Male,40
653,emilyrodriguez653,Emily,Rodriguez,Female,19
654,aditimartinez654,Aditi,Martinez,Female,31
655,aditiwang655,Aditi,Wang,Female,55
656,carloslee656,Carlos,Lee,Male,42
657,fatimajackson657,Fatima,Jackson,Female,29
658,davidbrown658,David,Brown,Male,70
659,ahmedbrown659,Ahmed,Brown,Male,50
660,zhanglee660,Zhang,Lee,Male,55
661,davidpatel661,David,Patel,Male,42
662,aditimartinez662,Aditi,Martinez,Female,25
663,chengarcia663,Chen,Garcia,Male,40
664,aditiwang664,Aditi,Wang,Female,90
665,aditimartinez665,Aditi,Martinez,Female,45
666,chenalvarez666,Chen,Alvarez,Male,35
667,sofiahernandez667,Sofia,Hernandez,Female,40
668,emilywang668,Emily,Wang,Female,45
669,ninasharma669,Nina,Sharma,Female,65
670,fatimahernandez670,Fatima,Hernandez,Female,45
671,johnpatel671,John,Patel,Male,30
672,ahmedsmith672,Ahmed,Smith,Male,50
673,zhangsmith673,Zhang,Smith,Male,30
674,chengonzalez674,Chen,Gonzalez,Male,50
675,fatimawang675,Fatima,Wang,Female,45
676,marianguyen676,Maria,Nguyen,Female,42
677,davidsmith677,David,Smith,Male,45
678,danielbrown678,Daniel,Brown,Male,50
679,ahmedgonzalez679,Ahmed,Gonzalez,Male,50
680,chengonzalez680,Chen,Gonzalez,Male,52
681,zhanggonzalez681,Zhang,Gonzalez,Male,30
682,oliviasharma682,Olivia,Sharma,Female,30
683,davidpatel683,David,Patel,Male,55
684,davidkim684,David,Kim,Male,35
685,ninawang685,Nina,Wang,Female,55
686,sofiasharma686,Sofia,Sharma,Female,45
687,leilahernandez687,Leila,Hernandez,Female,60
688,oliviajackson688,Olivia,Jackson,Female,28
689,carloslee689,Carlos,Lee,Male,65
690,ahmedchen690,Ahmed,Chen,Male,60
691,davidgarcia691,David,Garcia,Male,52
692,hanayamada692,Hana,Yamada,Female,55
693,carlosgonzalez693,Carlos,Gonzalez,Male,25
694,danielgonzalez694,Daniel,Gonzalez,Male,40
695,leilanguyen695,Leila,Nguyen,Female,60
696,davidlee696,David,Lee,Male,35
697,zhangalvarez697,Zhang,Alvarez,Male,42
698,carlosgonzalez698,Carlos,Gonzalez,Male,50
699,hanasharma699,Hana,Sharma,Female,50
700,ayumisharma700,Ayumi,Sharma,Female,45
701,fatimarodriguez701,Fatima,Rodriguez,Female,55
702,mariajackson702,Maria,Jackson,Female,70
703,danielgarcia703,Daniel,Garcia,Male,60
704,carlossingh704,Carlos,Singh,Male,35
705,jamessingh705,James,Singh,Male,50
706,aditijackson706,Aditi,Jackson,Female,70
707,ahmedsingh707,Ahmed,Singh,Male,65
708,zhangbrown708,Zhang,Brown,Male,60
709,leilayamada709,Leila,Yamada,Female,45
710,hanadavies710,Hana,Davies,Female,38
711,hanayamada711,Hana,Yamada,Female,38
712,aditirodriguez712,Aditi,Rodriguez,Female,38
713,johnalvarez713,John,Alvarez,Male,65
714,hanarodriguez714,Hana,Rodriguez,Female,25
715,emilywang715,Emily,Wang,Female,45
716,zhangalvarez716,Zhang,Alvarez,Male,40
717,leilawang717,Leila,Wang,Female,55
718,sofiajackson718,Sofia,Jackson,Female,30
719,mohammedkim719,Mohammed,Kim,Male,31
720,leilayamada720,Leila,Yamada,Female,45
721,danielgonzalez721,Daniel,Gonzalez,Male,45
722,ahmedgonzalez722,Ahmed,Gonzalez,Male,35
723,emilymartinez723,Emily,Martinez,Female,42
724,oliviarodriguez724,Olivia,Rodriguez,Female,35
725,ayumidavies725,Ayumi,Davies,Female,35
726,fatimayamada726,Fatima,Yamada,Female,19
727,chenchen727,Chen,Chen,Male,31
728,zhangsingh728,Zhang,Singh,Male,45
729,johnalvarez729,John,Alvarez,Male,48
730,mariahernandez730,Maria,Hernandez,Female,55
731,aditirodriguez731,Aditi,Rodriguez,Female,60
732,mariayamada732,Maria,Yamada,Female,30
733,sofianguyen733,Sofia,Nguyen,Female,90
734,davidkim734,David,Kim,Male,35
735,leiladavies735,Leila,Davies,Female,35
736,mariawang736,Maria,Wang,Female,30
737,jamespatel737,James,Patel,Male,42
738,hanayamada738,Hana,Yamada,Female,55
739,jameskim739,James,Kim,Male,45
740,jamespatel740,James,Patel,Male,40
741,hanakhan741,Hana,Khan,Female,55
742,zhanglee742,Zhang,Lee,Male,65
743,oliviayamada743,Olivia,Yamada,Female,55
744,ninawang744,Nina,Wang,Female,31
745,aditisharma745,Aditi,Sharma,Female,50
746,zhangchen746,Zhang,Chen,Male,50
747,aditiwang747,Aditi,Wang,Female,55
748,chensmith748,Chen,Smith,Male,65
749,ayumikhan749,Ayumi,Khan,Female,39
750,davidlee750,David,Lee,Male,55
751,leilakhan751,Leila,Khan,Female,60
752,jamesgarcia752,James,Garcia,Male,50
753,chenkim753,Chen,Kim,Male,50
754,aditirodriguez754,Aditi,Rodriguez,Female,70
755,ninasharma755,Nina,Sharma,Female,35
756,chenkim756,Chen,Kim,Male,35
757,hanarodriguez757,Hana,Rodriguez,Female,38
758,hanadavies758,Hana,Davies,Female,45
759,chenpatel759,Chen,Patel,Male,55
760,davidpatel760,David,Patel,Male,50
761,emilynguyen761,Emily,Nguyen,Female,60
762,jamesbrown762,James,Brown,Male,65
763,mariasharma763,Maria,Sharma,Female,38
764,hanadavies764,Hana,Davies,Female,70
765,carlosgonzalez765,Carlos,Gonzalez,Male,60
766,zhangsmith766,Zhang,Smith,Male,70
767,mohammedgarcia767,Mohammed,Garcia,Male,85
768,aditiyamada768,Aditi,Yamada,Female,65
769,hanadavies769,Hana,Davies,Female,55
770,carlosbrown770,Carlos,Brown,Male,45
771,rajchen771,Raj,Chen,Male,70
772,leilawang772,Leila,Wang,Female,30
773,hanasharma773,Hana,Sharma,Female,55
774,aditijackson774,Aditi,Jackson,Female,38
775,rajgarcia775,Raj,Garcia,Male,31
776,zhangpatel776,Zhang,Patel,Male,35
777,daniellee777,Daniel,Lee,Male,40
778,davidgarcia778,David,Garcia,Male,60
779,sofiayamada779,Sofia,Yamada,Female,40
780,mariamartinez780,Maria,Martinez,Female,45
781,zhanggonzalez781,Zhang,Gonzalez,Male,70
782,danielkim782,Daniel,Kim,Male,56
783,danielalvarez783,Daniel,Alvarez,Male,70
784,aditisharma784,Aditi,Sharma,Female,35
785,sofiadavies785,Sofia,Davies,Female,30
786,jamessmith786,James,Smith,Male,55
787,mohammedchen787,Mohammed,Chen,Male,31
788,zhangkim788,Zhang,Kim,Male,48
789,carloschen789,Carlos,Chen,Male,40
790,johnchen790,John,Chen,Male,50
791,hanakhan791,Hana,Khan,Female,30
792,chengonzalez792,Chen,Gonzalez,Male,52
793,rajpatel793,Raj,Patel,Male,38
794,aditidavies794,Aditi,Davies,Female,55
795,carlosalvarez795,Carlos,Alvarez,Male,42
796,carlosgarcia796,Carlos,Garcia,Male,45
797,mohammedlee797,Mohammed,Lee,Male,70
798,ahmedalvarez798,Ahmed,Alvarez,Male,35
799,ayumiwang799,Ayumi,Wang,Female,25
800,hanayamada800,Hana,Yamada,Female,45
801,ayumirodriguez801,Ayumi,Rodriguez,Female,60
802,johnpatel802,John,Patel,Male,45
803,rajalvarez803,Raj,Alvarez,Male,45
804,oliviajackson804,Olivia,Jackson,Female,42
805,emilyhernandez805,Emily,Hernandez,Female,35
806,oliviahernandez806,Olivia,Hernandez,Female,43
807,chengarcia807,Chen,Garcia,Male,35
808,johngarcia808,John,Garcia,Male,40
809,mohammedchen809,Mohammed,Chen,Male,31
810,davidalvarez810,David,Alvarez,Male,60
811,chensingh811,Chen,Singh,Male,25
812,rajgonzalez812,Raj,Gonzalez,Male,35
813,mariayamada813,Maria,Yamada,Female,45
814,oliviarodriguez814,Olivia,Rodriguez,Female,65
815,jamessingh815,James,Singh,Male,29
816,aditisharma816,Aditi,Sharma,Female,65
817,ninahernandez817,Nina,Hernandez,Female,19
818,ahmedalvarez818,Ahmed,Alvarez,Male,40
819,johnsingh819,John,Singh,Male,50
820,emilymartinez820,Emily,Martinez,Female,29
821,ahmedlee821,Ahmed,Lee,Male,85
822,carlossmith822,Carlos,Smith,Male,30
823,fatimarodriguez823,Fatima,Rodriguez,Female,30
824,ayumimartinez824,Ayumi,Martinez,Female,35
825,zhangsingh825,Zhang,Singh,Male,50
826,hanadavies826,Hana,Davies,Female,60
827,emilymartinez827,Emily,Martinez,Female,35
828,carloskim828,Carlos,Kim,Male,60
829,ninajackson829,Nina,Jackson,Female,55
830,mariawang830,Maria,Wang,Female,30
831,emilydavies831,Emily,Davies,Female,40
832,danielsmith832,Daniel,Smith,Male,50
833,mariahernandez833,Maria,Hernandez,Female,50
834,mariadavies834,Maria,Davies,Female,35
835,ahmedpatel835,Ahmed,Patel,Male,38
836,mariawang836,Maria,Wang,Female,65
837,aditihernandez837,Aditi,Hernandez,Female,30
838,rajkim838,Raj,Kim,Male,35
839,oliviawang839,Olivia,Wang,Female,70
840,ahmedgarcia840,Ahmed,Garcia,Male,30
841,ninawang841,Nina,Wang,Female,60
842,mariamartinez842,Maria,Martinez,Female,55
843,emilykhan843,Emily,Khan,Female,25
844,carlosgonzalez844,Carlos,Gonzalez,Male,40
845,chenchen845,Chen,Chen,Male,55
846,johngonzalez846,John,Gonzalez,Male,45
847,zhangsingh847,Zhang,Singh,Male,50
848,ninayamada848,Nina,Yamada,Female,60
849,mohammedsmith849,Mohammed,Smith,Male,40
850,sofiarodriguez850,Sofia,Rodriguez,Female,35
851,jameskim851,James,Kim,Male,50
852,fatimadavies852,Fatima,Davies,Female,29
853,mohammedsingh853,Mohammed,Singh,Male,30
854,aditikhan854,Aditi,Khan,Female,35
855,oliviarodriguez855,Olivia,Rodriguez,Female,50
856,danielpatel856,Daniel,Patel,Male,42
857,leilamartinez857,Leila,Martinez,Female,29
858,ninamartinez858,Nina,Martinez,Female,45
859,jameschen859,James,Chen,Male,65
860,fatimakhan860,Fatima,Khan,Female,25
861,mariasharma861,Maria,Sharma,Female,25
862,mohammedpatel862,Mohammed,Patel,Male,38
863,chenalvarez863,Chen,Alvarez,Male,50
864,ninanguyen864,Nina,Nguyen,Female,50
865,ahmedlee865,Ahmed,Lee,Male,57
866,hanasharma866,Hana,Sharma,Female,60
867,emilyrodriguez867,Emily,Rodriguez,Female,50
868,danielkim868,Daniel,Kim,Male,29
869,leilamartinez869,Leila,Martinez,Female,45
870,carlossmith870,Carlos,Smith,Male,40
871,zhanglee871,Zhang,Lee,Male,30
872,chengonzalez872,Chen,Gonzalez,Male,45
873,leilamartinez873,Leila,Martinez,Female,30
874,danielkim874,Daniel,Kim,Male,56
875,aditimartinez875,Aditi,Martinez,Female,50
876,ahmedsingh876,Ahmed,Singh,Male,35
877,rajkim877,Raj,Kim,Male,40
878,zhangsingh878,Zhang,Singh,Male,60
879,ahmedpatel879,Ahmed,Patel,Male,30
880,ninahernandez880,Nina,Hernandez,Female,42
881,emilyjackson881,Emily,Jackson,Female,29
882,rajlee882,Raj,Lee,Male,50
883,danielpatel883,Daniel,Patel,Male,30
884,rajpatel884,Raj,Patel,Male,35
885,ayumiwang885,Ayumi,Wang,Female,35
886,mohammedgonzalez886,Mohammed,Gonzalez,Male,50
887,mohammedalvarez887,Mohammed,Alvarez,Male,38
888,mohammedbrown888,Mohammed,Brown,Male,42
889,carloschen889,Carlos,Chen,Male,38
890,danielgarcia890,Daniel,Garcia,Male,50
891,davidgarcia891,David,Garcia,Male,38
892,hanayamada892,Hana,Yamada,Female,30
893,chengonzalez893,Chen,Gonzalez,Male,38
894,hanakhan894,Hana,Khan,Female,55
895,sofiayamada895,Sofia,Yamada,Female,50
896,johnkim896,John,Kim,Male,35
897,ninanguyen897,Nina,Nguyen,Female,30
898,ahmedgonzalez898,Ahmed,Gonzalez,Male,38
899,ninarodriguez899,Nina,Rodriguez,Female,25
900,jameskim900,James,Kim,Male,45
901,johngarcia901,John,Garcia,Male,60
902,ayumisharma902,Ayumi,Sharma,Female,65
903,chensingh903,Chen,Singh,Male,50
904,chengonzalez904,Chen,Gonzalez,Male,65
905,chenchen905,Chen,Chen,Male,50
906,leilajackson906,Leila,Jackson,Female,60
907,mariasharma907,Maria,Sharma,Female,42
908,johnsingh908,John,Singh,Male,60
909,jamesbrown909,James,Brown,Male,45
910,emilykhan910,Emily,Khan,Female,35
911,leiladavies911,Leila,Davies,Female,39
912,rajlee912,Raj,Lee,Male,25
913,mohammedsmith913,Mohammed,Smith,Male,70
914,leilamartinez914,Leila,Martinez,Female,65
915,carlosgarcia915,Carlos,Garcia,Male,35
916,jamesbrown916,James,Brown,Male,42
917,johnalvarez917,John,Alvarez,Male,65
918,ninawang918,Nina,Wang,Female,40
919,hanasharma919,Hana,Sharma,Female,55
920,mohammedkim920,Mohammed,Kim,Male,55
921,davidchen921,David,Chen,Male,30
922,danielalvarez922,Daniel,Alvarez,Male,30
923,carlossmith923,Carlos,Smith,Male,50
924,ayumihernandez924,Ayumi,Hernandez,Female,30
925,davidlee925,David,Lee,Male,50
926,oliviadavies926,Olivia,Davies,Female,25
927,ninarodriguez927,Nina,Rodriguez,Female,65
928,johnalvarez928,John,Alvarez,Male,50
929,davidchen929,David,Chen,Male,35
930,chengonzalez930,Chen,Gonzalez,Male,25
931,carlosbrown931,Carlos,Brown,Male,70
932,fatimadavies932,Fatima,Davies,Female,40
933,danielalvarez933,Daniel,Alvarez,Male,40
934,mariakhan934,Maria,Khan,Female,35
935,zhangalvarez935,Zhang,Alvarez,Male,35
936,leilakhan936,Leila,Khan,Female,45
937,chenpatel937,Chen,Patel,Male,70
938,ninamartinez938,Nina,Martinez,Female,48
939,zhangsingh939,Zhang,Singh,Male,30
940,davidgonzalez940,David,Gonzalez,Male,45
941,davidpatel941,David,Patel,Male,60
942,chenbrown942,Chen,Brown,Male,40
943,fatimayamada943,Fatima,Yamada,Female,65
944,daniellee944,Daniel,Lee,Male,40
945,carlosgonzalez945,Carlos,Gonzalez,Male,65
946,jamessmith946,James,Smith,Male,60
947,jamespatel947,James,Patel,Male,50
948,hananguyen948,Hana,Nguyen,Female,50
949,fatimawang949,Fatima,Wang,Female,29
950,zhangbrown950,Zhang,Brown,Male,40
951,ahmedkim951,Ahmed,Kim,Male,40
952,aditimartinez952,Aditi,Martinez,Female,30
953,ayumirodriguez953,Ayumi,Rodriguez,Female,19
954,rajkim954,Raj,Kim,Male,35
955,johnalvarez955,John,Alvarez,Male,40
956,sofiarodriguez956,Sofia,Rodriguez,Female,65
957,oliviarodriguez957,Olivia,Rodriguez,Female,30
958,ahmedpatel958,Ahmed,Patel,Male,60
959,carlosgonzalez959,Carlos,Gonzalez,Male,40
960,chengarcia960,Chen,Garcia,Male,70
961,leilajackson961,Leila,Jackson,Female,55
962,davidbrown962,David,Brown,Male,45
963,marianguyen963,Maria,Nguyen,Female,45
964,mariayamada964,Maria,Yamada,Female,28
965,hanadavies965,Hana,Davies,Female,55
966,sofiamartinez966,Sofia,Martinez,Female,40
967,chensmith967,Chen,Smith,Male,45
968,fatimayamada968,Fatima,Yamada,Female,29
969,jamessmith969,James,Smith,Male,45
970,ninawang970,Nina,Wang,Female,40
971,chengarcia971,Chen,Garcia,Male,35
972,leilawang972,Leila,Wang,Female,65
973,leilahernandez973,Leila,Hernandez,Female,65
974,chenkim974,Chen,Kim,Male,38
975,oliviayamada975,Olivia,Yamada,Female,70
976,zhangsmith976,Zhang,Smith,Male,56
977,rajbrown977,Raj,Brown,Male,55
978,sofiawang978,Sofia,Wang,Female,30
979,fatimahernandez979,Fatima,Hernandez,Female,35
980,johngarcia980,John,Garcia,Male,35
981,jamespatel981,James,Patel,Male,65
982,oliviarodriguez982,Olivia,Rodriguez,Female,35
983,leilawang983,Leila,Wang,Female,65
984,oliviadavies984,Olivia,Davies,Female,50
985,rajbrown985,Raj,Brown,Male,70
986,aditisharma986,Aditi,Sharma,Female,40
987,jamesgonzalez987,James,Gonzalez,Male,35
988,mariadavies988,Maria,Davies,Female,30
989,hanakhan989,Hana,Khan,Female,19
990,aditijackson990,Aditi,Jackson,Female,60
991,hanakhan991,Hana,Khan,Female,65
992,hanasharma992,Hana,Sharma,Female,35
993,emilydavies993,Emily,Davies,Female,65
994,fatimadavies994,Fatima,Davies,Female,90
995,ayumimartinez995,Ayumi,Martinez,Female,70
996,mariayamada996,Maria,Yamada,Female,55
997,carlosbrown997,Carlos,Brown,Male,50
998,fatimayamada998,Fatima,Yamada,Female,55
999,ayumiyamada999,Ayumi,Yamada,Female,65
