Age,Gender,First Name,Last Name,Username
38,Female,Leila,Jackson,leilajackson0
90,Female,Aditi,Khan,aditikhan1
55,Male,Carlos,Chen,carloschen2
38,Male,Zhang,Garcia,zhanggarcia3
35,Female,Emily,Yamada,emilyyamada4
45,Male,Raj,Patel,rajpatel5
29,Female,Aditi,Khan,aditikhan6
38,Female,Olivia,Hernandez,oliviahernandez7
40,Male,Raj,Gonzalez,rajgonzalez8
50,Male,Chen,Kim,chenkim9
70,Male,Mohammed,Lee,mohammedlee10
35,Male,Carlos,Alvarez,carlosalvarez11
38,Male,James,Kim,jameskim12
42,Male,David,Alvarez,davidalvarez13
40,Female,Olivia,Khan,oliviakhan14
42,Female,Aditi,Hernandez,aditihernandez15
65,Female,Nina,Martinez,ninamartinez16
55,Female,Hana,Davies,hanadavies17
80,Female,Maria,Sharma,mariasharma18
60,Female,Fatima,Sharma,fatimasharma19
45,Female,Fatima,Nguyen,fatimanguyen20
60,Male,Chen,Brown,chenbrown21
45,Male,Carlos,Garcia,carlosgarcia22
65,Female,Emily,Khan,emilykhan23
29,Male,John,Brown,johnbrown24
55,Male,Raj,Garcia,rajgarcia25
50,Female,Aditi,Nguyen,aditinguyen26
80,Female,Olivia,Wang,oliviawang27
30,Female,Olivia,Rodriguez,oliviarodriguez28
35,Female,Emily,Sharma,emilysharma29
45,Female,Ayumi,Sharma,ayumisharma30
45,Female,Sofia,Martinez,sofiamartinez31
55,Male,Zhang,Singh,zhangsingh32
45,Male,Raj,Smith,rajsmith33
45,Male,Zhang,Brown,zhangbrown34
31,Male,James,Brown,jamesbrown35
32,Female,Fatima,Wang,fatimawang36
55,Male,James,Singh,jamessingh37
65,Female,Emily,Hernandez,emilyhernandez38
40,Female,Nina,Wang,ninawang39
65,Male,John,Patel,johnpatel40
40,Male,Mohammed,Gonzalez,mohammedgonzalez41
29,Female,Maria,Yamada,mariayamada42
70,Female,Maria,Nguyen,marianguyen43
45,Male,Chen,Garcia,chengarcia44
57,Male,Mohammed,Lee,mohammedlee45
35,Male,James,Singh,jamessingh46
65,Female,Maria,Nguyen,marianguyen47
29,Female,Fatima,Sharma,fatimasharma48
52,Male,Zhang,Smith,zhangsmith49
55,Male,Ahmed,Lee,ahmedlee50
85,Male,Raj,Gonzalez,rajgonzalez51
31,Male,Raj,Singh,rajsingh52
70,Male,Carlos,Patel,carlospatel53
35,Male,Chen,Alvarez,chenalvarez54
55,Female,Aditi,Yamada,aditiyamada55
30,Female,Sofia,Khan,sofiakhan56
50,Male,Ahmed,Smith,ahmedsmith57
35,Male,Daniel,Garcia,danielgarcia58
30,Female,Olivia,Jackson,oliviajackson59
25,Female,Nina,Nguyen,ninanguyen60
31,Female,Emily,Jackson,emilyjackson61
38,Female,Maria,Wang,mariawang62
55,Female,Leila,Davies,leiladavies63
65,Male,Daniel,Kim,danielkim64
45,Female,Ayumi,Nguyen,ayuminguyen65
50,Male,Zhang,Alvarez,zhangalvarez66
30,Male,Ahmed,Singh,ahmedsingh67
45,Male,James,Brown,jamesbrown68
45,Male,John,Lee,johnlee69
55,Female,Sofia,Hernandez,sofiahernandez70
60,Female,Emily,Wang,emilywang71
55,Male,David,Patel,davidpatel72
50,Male,James,Garcia,jamesgarcia73
55,Male,Daniel,Brown,danielbrown74
45,Male,James,Smith,jamessmith75
60,Female,Ayumi,Martinez,ayumimartinez76
50,Female,Sofia,Nguyen,sofianguyen77
50,Male,David,Garcia,davidgarcia78
50,Female,Emily,Wang,emilywang79
70,Female,Leila,Martinez,leilamartinez80
31,Male,James,Smith,jamessmith81
60,Female,Aditi,Jackson,aditijackson82
50,Male,Carlos,Singh,carlossingh83
55,Male,Mohammed,Alvarez,mohammedalvarez84
45,Female,Maria,Nguyen,marianguyen85
30,Male,Daniel,Alvarez,danielalvarez86
42,Female,Hana,Nguyen,hananguyen87
29,Male,James,Garcia,jamesgarcia88
60,Female,Leila,Khan,leilakhan89
35,Male,Daniel,Patel,danielpatel90
80,Female,Sofia,Hernandez,sofiahernandez91
65,Female,Nina,Rodriguez,ninarodriguez92
28,Female,Fatima,Martinez,fatimamartinez93
80,Female,Fatima,Nguyen,fatimanguyen94
40,Male,Carlos,Gonzalez,carlosgonzalez95
40,Female,Sofia,Nguyen,sofianguyen96
35,Male,Zhang,Garcia,zhanggarcia97
40,Male,Mohammed,Smith,mohammedsmith98
35,Male,Zhang,Gonzalez,zhanggonzalez99
45,Male,Zhang,Patel,zhangpatel100
60,Female,Nina,Sharma,ninasharma101
55,Female,Leila,Martinez,leilamartinez102
50,Female,Fatima,Nguyen,fatimanguyen103
30,Male,Ahmed,Brown,ahmedbrown104
30,Male,Zhang,Gonzalez,zhanggonzalez105
40,Male,David,Kim,davidkim106
45,Male,Raj,Singh,rajsingh107
70,Female,Emily,Martinez,emilymartinez108
55,Female,Olivia,Hernandez,oliviahernandez109
30,Female,Hana,Nguyen,hananguyen110
30,Female,Hana,Khan,hanakhan111
35,Male,Mohammed,Alvarez,mohammedalvarez112
50,Female,Aditi,Nguyen,aditinguyen113
60,Male,Daniel,Brown,danielbrown114
38,Female,Emily,Hernandez,emilyhernandez115
45,Male,Carlos,Brown,carlosbrown116
50,Male,Mohammed,Gonzalez,mohammedgonzalez117
30,Female,Nina,Sharma,ninasharma118
50,Female,Emily,Yamada,emilyyamada119
38,Male,David,Smith,davidsmith120
40,Female,Olivia,Rodriguez,oliviarodriguez121
55,Female,Maria,Nguyen,marianguyen122
25,Male,Zhang,Brown,zhangbrown123
50,Male,John,Singh,johnsingh124
55,Male,Mohammed,Garcia,mohammedgarcia125
60,Male,David,Garcia,davidgarcia126
50,Male,John,Kim,johnkim127
29,Male,Ahmed,Alvarez,ahmedalvarez128
85,Male,Zhang,Singh,zhangsingh129
30,Female,Fatima,Jackson,fatimajackson130
45,Female,Sofia,Sharma,sofiasharma131
35,Male,Daniel,Gonzalez,danielgonzalez132
50,Female,Hana,Rodriguez,hanarodriguez133
52,Male,Carlos,Chen,carloschen134
31,Male,John,Alvarez,johnalvarez135
35,Male,Carlos,Singh,carlossingh136
50,Male,Zhang,Garcia,zhanggarcia137
50,Female,Hana,Sharma,hanasharma138
50,Female,Olivia,Khan,oliviakhan139
40,Male,Mohammed,Brown,mohammedbrown140
45,Male,Zhang,Alvarez,zhangalvarez141
30,Female,Aditi,Jackson,aditijackson142
30,Female,Emily,Sharma,emilysharma143
29,Female,Leila,Martinez,leilamartinez144
43,Female,Maria,Yamada,mariayamada145
65,Female,Fatima,Rodriguez,fatimarodriguez146
45,Female,Leila,Davies,leiladavies147
55,Male,Chen,Smith,chensmith148
35,Male,Raj,Kim,rajkim149
60,Male,Chen,Singh,chensingh150
35,Female,Olivia,Wang,oliviawang151
45,Female,Leila,Davies,leiladavies152
30,Female,Maria,Hernandez,mariahernandez153
35,Male,Ahmed,Alvarez,ahmedalvarez154
40,Female,Leila,Yamada,leilayamada155
60,Male,Raj,Gonzalez,rajgonzalez156
30,Male,James,Patel,jamespatel157
38,Male,Chen,Alvarez,chenalvarez158
30,Male,John,Gonzalez,johngonzalez159
70,Male,Zhang,Gonzalez,zhanggonzalez160
60,Male,Ahmed,Garcia,ahmedgarcia161
70,Male,Carlos,Chen,carloschen162
40,Male,David,Kim,davidkim163
90,Female,Ayumi,Sharma,ayumisharma164
50,Female,Aditi,Jackson,aditijackson165
45,Male,James,Kim,jameskim166
50,Female,Fatima,Jackson,fatimajackson167
60,Male,Mohammed,Chen,mohammedchen168
40,Female,Sofia,Sharma,sofiasharma169
40,Male,Carlos,Smith,carlossmith170
50,Male,Mohammed,Garcia,mohammedgarcia171
55,Female,Leila,Nguyen,leilanguyen172
45,Male,James,Alvarez,jamesalvarez173
40,Female,Maria,Rodriguez,mariarodriguez174
65,Female,Emily,Davies,emilydavies175
45,Female,Aditi,Nguyen,aditinguyen176
50,Female,Ayumi,Hernandez,ayumihernandez177
65,Male,Daniel,Garcia,danielgarcia178
50,Male,Daniel,Gonzalez,danielgonzalez179
45,Male,Chen,Alvarez,chenalvarez180
42,Male,James,Kim,jameskim181
65,Male,John,Alvarez,johnalvarez182
43,Female,Nina,Yamada,ninayamada183
35,Male,Carlos,Patel,carlospatel184
50,Male,James,Smith,jamessmith185
45,Male,John,Gonzalez,johngonzalez186
40,Male,Mohammed,Alvarez,mohammedalvarez187
65,Female,Maria,Sharma,mariasharma188
31,Male,Zhang,Brown,zhangbrown189
55,Female,Leila,Martinez,leilamartinez190
60,Female,Ayumi,Rodriguez,ayumirodriguez191
40,Male,David,Kim,davidkim192
38,Male,John,Brown,johnbrown193
40,Male,Chen,Chen,chenchen194
35,Male,Mohammed,Kim,mohammedkim195
45,Female,Leila,Wang,leilawang196
40,Male,David,Singh,davidsingh197
25,Female,Sofia,Martinez,sofiamartinez198
40,Female,Aditi,Wang,aditiwang199
50,Male,Carlos,Gonzalez,carlosgonzalez200
31,Female,Emily,Hernandez,emilyhernandez201
70,Female,Emily,Nguyen,emilynguyen202
50,Male,Chen,Kim,chenkim203
50,Female,Maria,Rodriguez,mariarodriguez204
40,Male,Carlos,Alvarez,carlosalvarez205
40,Female,Nina,Rodriguez,ninarodriguez206
31,Male,Ahmed,Singh,ahmedsingh207
45,Male,James,Patel,jamespatel208
50,Male,Daniel,Lee,daniellee209
43,Female,Emily,Jackson,emilyjackson210
45,Male,Daniel,Singh,danielsingh211
55,Female,Emily,Yamada,emilyyamada212
65,Male,Mohammed,Brown,mohammedbrown213
48,Female,Emily,Davies,emilydavies214
45,Female,Hana,Martinez,hanamartinez215
40,Female,Maria,Davies,mariadavies216
55,Male,Mohammed,Alvarez,mohammedalvarez217
60,Female,Maria,Sharma,mariasharma218
60,Female,Leila,Hernandez,leilahernandez219
65,Male,James,Brown,jamesbrown220
38,Female,Leila,Martinez,leilamartinez221
45,Male,Carlos,Kim,carloskim222
52,Male,David,Brown,davidbrown223
42,Male,John,Brown,johnbrown224
35,Female,Aditi,Khan,aditikhan225
45,Male,Daniel,Gonzalez,danielgonzalez226
40,Female,Aditi,Jackson,aditijackson227
45,Female,Leila,Martinez,leilamartinez228
65,Female,Ayumi,Khan,ayumikhan229
90,Female,Emily,Wang,emilywang230
55,Female,Fatima,Martinez,fatimamartinez231
42,Female,Emily,Wang,emilywang232
55,Male,Mohammed,Garcia,mohammedgarcia233
85,Male,Raj,Kim,rajkim234
42,Female,Olivia,Rodriguez,oliviarodriguez235
42,Female,Aditi,Yamada,aditiyamada236
45,Female,Hana,Jackson,hanajackson237
65,Female,Olivia,Sharma,oliviasharma238
40,Male,Daniel,Singh,danielsingh239
30,Female,Nina,Nguyen,ninanguyen240
70,Female,Sofia,Yamada,sofiayamada241
40,Male,Zhang,Singh,zhangsingh242
55,Female,Fatima,Rodriguez,fatimarodriguez243
42,Male,Zhang,Brown,zhangbrown244
60,Female,Aditi,Davies,aditidavies245
38,Female,Maria,Martinez,mariamartinez246
55,Female,Hana,Martinez,hanamartinez247
55,Male,Ahmed,Kim,ahmedkim248
42,Male,Chen,Patel,chenpatel249
85,Male,Zhang,Gonzalez,zhanggonzalez250
39,Female,Sofia,Khan,sofiakhan251
35,Female,Emily,Nguyen,emilynguyen252
25,Female,Olivia,Martinez,oliviamartinez253
60,Female,Aditi,Khan,aditikhan254
55,Female,Emily,Jackson,emilyjackson255
40,Male,Zhang,Singh,zhangsingh256
30,Female,Ayumi,Rodriguez,ayumirodriguez257
43,Female,Leila,Khan,leilakhan258
28,Female,Ayumi,Sharma,ayumisharma259
50,Male,James,Alvarez,jamesalvarez260
38,Female,Maria,Martinez,mariamartinez261
42,Female,Olivia,Rodriguez,oliviarodriguez262
60,Female,Nina,Martinez,ninamartinez263
50,Male,Mohammed,Smith,mohammedsmith264
40,Female,Aditi,Jackson,aditijackson265
42,Male,Raj,Patel,rajpatel266
31,Female,Fatima,Hernandez,fatimahernandez267
40,Female,Olivia,Jackson,oliviajackson268
45,Male,Ahmed,Brown,ahmedbrown269
40,Male,Ahmed,Brown,ahmedbrown270
35,Male,Zhang,Gonzalez,zhanggonzalez271
40,Male,Carlos,Smith,carlossmith272
38,Male,John,Brown,johnbrown273
70,Male,Zhang,Kim,zhangkim274
55,Female,Emily,Wang,emilywang275
50,Female,Aditi,Martinez,aditimartinez276
39,Female,Olivia,Davies,oliviadavies277
38,Female,Hana,Wang,hanawang278
42,Male,Chen,Gonzalez,chengonzalez279
90,Female,Nina,Davies,ninadavies280
70,Female,Ayumi,Yamada,ayumiyamada281
45,Female,Leila,Davies,leiladavies282
65,Male,Carlos,Kim,carloskim283
45,Male,James,Brown,jamesbrown284
50,Male,Ahmed,Kim,ahmedkim285
45,Male,Carlos,Patel,carlospatel286
45,Male,John,Smith,johnsmith287
35,Male,Raj,Smith,rajsmith288
60,Female,Ayumi,Davies,ayumidavies289
60,Male,Raj,Kim,rajkim290
60,Female,Fatima,Nguyen,fatimanguyen291
40,Male,David,Kim,davidkim292
45,Male,Ahmed,Garcia,ahmedgarcia293
40,Male,Mohammed,Alvarez,mohammedalvarez294
30,Female,Sofia,Jackson,sofiajackson295
45,Male,Carlos,Chen,carloschen296
29,Male,John,Kim,johnkim297
50,Male,Zhang,Brown,zhangbrown298
42,Female,Ayumi,Yamada,ayumiyamada299
30,Female,Olivia,Sharma,oliviasharma300
50,Female,Hana,Yamada,hanayamada301
31,Male,Mohammed,Alvarez,mohammedalvarez302
55,Female,Ayumi,Khan,ayumikhan303
60,Male,Chen,Garcia,chengarcia304
30,Male,James,Patel,jamespatel305
50,Male,Mohammed,Kim,mohammedkim306
60,Male,Daniel,Singh,danielsingh307
60,Male,Ahmed,Kim,ahmedkim308
35,Female,Hana,Davies,hanadavies309
60,Male,Carlos,Patel,carlospatel310
65,Female,Emily,Jackson,emilyjackson311
60,Female,Emily,Jackson,emilyjackson312
42,Female,Fatima,Davies,fatimadavies313
25,Male,Ahmed,Kim,ahmedkim314
30,Female,Olivia,Hernandez,oliviahernandez315
45,Female,Nina,Jackson,ninajackson316
30,Female,Nina,Jackson,ninajackson317
29,Female,Nina,Nguyen,ninanguyen318
45,Male,Zhang,Gonzalez,zhanggonzalez319
50,Male,John,Chen,johnchen320
42,Female,Aditi,Sharma,aditisharma321
30,Male,Chen,Brown,chenbrown322
25,Female,Aditi,Martinez,aditimartinez323
38,Female,Hana,Khan,hanakhan324
50,Male,Zhang,Gonzalez,zhanggonzalez325
30,Female,Leila,Rodriguez,leilarodriguez326
60,Female,Hana,Sharma,hanasharma327
90,Female,Emily,Hernandez,emilyhernandez328
60,Female,Hana,Jackson,hanajackson329
45,Male,Ahmed,Singh,ahmedsingh330
35,Male,Carlos,Kim,carloskim331
38,Female,Fatima,Sharma,fatimasharma332
45,Female,Maria,Nguyen,marianguyen333
40,Male,Mohammed,Chen,mohammedchen334
45,Female,Aditi,Davies,aditidavies335
55,Male,Chen,Singh,chensingh336
45,Male,Daniel,Singh,danielsingh337
55,Female,Olivia,Rodriguez,oliviarodriguez338
65,Female,Sofia,Yamada,sofiayamada339
40,Male,David,Smith,davidsmith340
29,Female,Ayumi,Davies,ayumidavies341
60,Female,Emily,Khan,emilykhan342
50,Male,Raj,Gonzalez,rajgonzalez343
31,Female,Maria,Nguyen,marianguyen344
35,Female,Maria,Yamada,mariayamada345
65,Female,Emily,Sharma,emilysharma346
45,Male,Daniel,Brown,danielbrown347
60,Female,Sofia,Sharma,sofiasharma348
40,Male,Daniel,Smith,danielsmith349
60,Female,Aditi,Hernandez,aditihernandez350
70,Female,Leila,Nguyen,leilanguyen351
42,Male,Ahmed,Chen,ahmedchen352
40,Male,David,Garcia,davidgarcia353
42,Female,Maria,Wang,mariawang354
56,Male,James,Alvarez,jamesalvarez355
38,Male,Ahmed,Garcia,ahmedgarcia356
60,Male,John,Brown,johnbrown357
55,Male,James,Kim,jameskim358
45,Male,Chen,Kim,chenkim359
30,Female,Aditi,Jackson,aditijackson360
45,Female,Leila,Hernandez,leilahernandez361
55,Female,Leila,Nguyen,leilanguyen362
30,Male,Carlos,Kim,carloskim363
65,Male,Zhang,Alvarez,zhangalvarez364
29,Female,Maria,Martinez,mariamartinez365
65,Female,Olivia,Martinez,oliviamartinez366
65,Male,Zhang,Chen,zhangchen367
30,Female,Ayumi,Hernandez,ayumihernandez368
45,Male,Zhang,Chen,zhangchen369
29,Female,Hana,Davies,hanadavies370
65,Female,Emily,Sharma,emilysharma371
55,Female,Sofia,Yamada,sofiayamada372
40,Male,David,Smith,davidsmith373
40,Male,Carlos,Smith,carlossmith374
35,Male,Zhang,Smith,zhangsmith375
65,Female,Emily,Davies,emilydavies376
60,Female,Sofia,Yamada,sofiayamada377
50,Male,Ahmed,Brown,ahmedbrown378
70,Female,Ayumi,Rodriguez,ayumirodriguez379
31,Male,Ahmed,Gonzalez,ahmedgonzalez380
42,Male,Chen,Singh,chensingh381
45,Female,Aditi,Jackson,aditijackson382
35,Male,Chen,Alvarez,chenalvarez383
45,Male,David,Singh,davidsingh384
40,Male,Raj,Patel,rajpatel385
42,Female,Hana,Sharma,hanasharma386
65,Female,Olivia,Martinez,oliviamartinez387
35,Female,Maria,Martinez,mariamartinez388
70,Female,Hana,Wang,hanawang389
65,Male,Ahmed,Lee,ahmedlee390
45,Male,John,Brown,johnbrown391
45,Female,Olivia,Sharma,oliviasharma392
65,Female,Olivia,Hernandez,oliviahernandez393
55,Male,James,Kim,jameskim394
31,Female,Olivia,Rodriguez,oliviarodriguez395
38,Male,Mohammed,Alvarez,mohammedalvarez396
55,Female,Olivia,Sharma,oliviasharma397
31,Male,Daniel,Gonzalez,danielgonzalez398
35,Female,Nina,Khan,ninakhan399
38,Male,Chen,Lee,chenlee400
25,Male,Raj,Garcia,rajgarcia401
38,Female,Leila,Yamada,leilayamada402
45,Female,Fatima,Jackson,fatimajackson403
55,Male,Ahmed,Kim,ahmedkim404
30,Female,Maria,Yamada,mariayamada405
65,Male,Chen,Singh,chensingh406
65,Female,Maria,Martinez,mariamartinez407
42,Male,James,Smith,jamessmith408
55,Female,Fatima,Sharma,fatimasharma409
40,Female,Hana,Wang,hanawang410
38,Female,Sofia,Khan,sofiakhan411
42,Female,Olivia,Davies,oliviadavies412
42,Female,Maria,Khan,mariakhan413
42,Female,Maria,Sharma,mariasharma414
40,Female,Ayumi,Rodriguez,ayumirodriguez415
65,Female,Hana,Davies,hanadavies416
60,Male,Mohammed,Kim,mohammedkim417
35,Male,Zhang,Brown,zhangbrown418
35,Female,Ayumi,Nguyen,ayuminguyen419
85,Male,Ahmed,Brown,ahmedbrown420
50,Male,Raj,Singh,rajsingh421
40,Female,Olivia,Rodriguez,oliviarodriguez422
65,Female,Nina,Jackson,ninajackson423
60,Female,Emily,Davies,emilydavies424
40,Male,David,Patel,davidpatel425
40,Male,Ahmed,Singh,ahmedsingh426
35,Female,Ayumi,Wang,ayumiwang427
40,Male,Raj,Chen,rajchen428
19,Female,Maria,Martinez,mariamartinez429
50,Female,Fatima,Yamada,fatimayamada430
60,Male,Mohammed,Kim,mohammedkim431
35,Male,Zhang,Chen,zhangchen432
40,Male,Chen,Garcia,chengarcia433
40,Male,Daniel,Gonzalez,danielgonzalez434
30,Female,Aditi,Wang,aditiwang435
35,Male,Daniel,Kim,danielkim436
50,Female,Fatima,Wang,fatimawang437
55,Male,Mohammed,Kim,mohammedkim438
45,Male,Carlos,Alvarez,carlosalvarez439
45,Female,Fatima,Wang,fatimawang440
35,Female,Sofia,Yamada,sofiayamada441
60,Male,Chen,Lee,chenlee442
90,Female,Emily,Yamada,emilyyamada443
55,Female,Nina,Davies,ninadavies444
35,Male,Ahmed,Brown,ahmedbrown445
42,Male,Mohammed,Kim,mohammedkim446
42,Male,Zhang,Chen,zhangchen447
35,Male,Daniel,Smith,danielsmith448
45,Female,Fatima,Wang,fatimawang449
60,Male,Chen,Kim,chenkim450
50,Male,John,Gonzalez,johngonzalez451
35,Female,Sofia,Jackson,sofiajackson452
30,Female,Emily,Sharma,emilysharma453
35,Female,Maria,Wang,mariawang454
50,Male,James,Alvarez,jamesalvarez455
48,Male,Zhang,Gonzalez,zhanggonzalez456
50,Male,Mohammed,Smith,mohammedsmith457
70,Female,Olivia,Jackson,oliviajackson458
30,Female,Fatima,Davies,fatimadavies459
38,Male,Ahmed,Gonzalez,ahmedgonzalez460
60,Female,Maria,Nguyen,marianguyen461
55,Female,Hana,Nguyen,hananguyen462
50,Male,Daniel,Brown,danielbrown463
30,Female,Ayumi,Yamada,ayumiyamada464
55,Female,Leila,Martinez,leilamartinez465
28,Female,Olivia,Davies,oliviadavies466
55,Male,Raj,Kim,rajkim467
65,Male,John,Singh,johnsingh468
38,Male,John,Garcia,johngarcia469
60,Male,Carlos,Alvarez,carlosalvarez470
45,Male,Chen,Alvarez,chenalvarez471
50,Male,Daniel,Gonzalez,danielgonzalez472
55,Female,Hana,Hernandez,hanahernandez473
42,Female,Olivia,Yamada,oliviayamada474
35,Male,Raj,Patel,rajpatel475
55,Female,Nina,Davies,ninadavies476
65,Male,Daniel,Patel,danielpatel477
25,Male,Chen,Brown,chenbrown478
29,Female,Olivia,Wang,oliviawang479
60,Female,Sofia,Hernandez,sofiahernandez480
70,Male,Mohammed,Kim,mohammedkim481
55,Female,Sofia,Davies,sofiadavies482
55,Female,Hana,Hernandez,hanahernandez483
43,Female,Maria,Nguyen,marianguyen484
70,Male,Ahmed,Singh,ahmedsingh485
42,Male,Mohammed,Lee,mohammedlee486
45,Female,Maria,Nguyen,marianguyen487
45,Male,Raj,Alvarez,rajalvarez488
30,Female,Hana,Hernandez,hanahernandez489
45,Female,Ayumi,Nguyen,ayuminguyen490
38,Male,Chen,Chen,chenchen491
55,Female,Olivia,Khan,oliviakhan492
65,Female,Emily,Yamada,emilyyamada493
35,Male,Chen,Kim,chenkim494
45,Male,James,Garcia,jamesgarcia495
70,Male,John,Kim,johnkim496
30,Female,Leila,Hernandez,leilahernandez497
30,Male,Ahmed,Chen,ahmedchen498
60,Male,Zhang,Smith,zhangsmith499
29,Female,Fatima,Jackson,fatimajackson500
35,Male,David,Chen,davidchen501
60,Female,Aditi,Sharma,aditisharma502
55,Male,Raj,Brown,rajbrown503
52,Male,Ahmed,Alvarez,ahmedalvarez504
30,Female,Hana,Khan,hanakhan505
50,Male,Zhang,Kim,zhangkim506
70,Female,Aditi,Wang,aditiwang507
35,Male,Mohammed,Brown,mohammedbrown508
55,Female,Ayumi,Martinez,ayumimartinez509
35,Female,Hana,Wang,hanawang510
35,Male,Chen,Garcia,chengarcia511
40,Female,Hana,Nguyen,hananguyen512
38,Female,Fatima,Jackson,fatimajackson513
45,Female,Maria,Khan,mariakhan514
65,Female,Fatima,Sharma,fatimasharma515
40,Male,Zhang,Lee,zhanglee516
35,Male,Mohammed,Singh,mohammedsingh517
50,Male,Zhang,Lee,zhanglee518
60,Male,Chen,Garcia,chengarcia519
55,Female,Hana,Yamada,hanayamada520
45,Female,Maria,Rodriguez,mariarodriguez521
45,Female,Nina,Davies,ninadavies522
50,Female,Aditi,Martinez,aditimartinez523
45,Female,Ayumi,Rodriguez,ayumirodriguez524
38,Female,Aditi,Sharma,aditisharma525
30,Female,Emily,Jackson,emilyjackson526
35,Male,David,Lee,davidlee527
42,Male,Carlos,Lee,carloslee528
42,Male,Mohammed,Gonzalez,mohammedgonzalez529
45,Male,David,Brown,davidbrown530
50,Male,Raj,Garcia,rajgarcia531
30,Female,Leila,Davies,leiladavies532
55,Female,Sofia,Yamada,sofiayamada533
45,Male,Daniel,Singh,danielsingh534
29,Female,Sofia,Sharma,sofiasharma535
60,Female,Ayumi,Nguyen,ayuminguyen536
50,Male,James,Lee,jameslee537
60,Male,Carlos,Patel,carlospatel538
56,Male,Mohammed,Alvarez,mohammedalvarez539
35,Male,Raj,Kim,rajkim540
35,Male,Zhang,Garcia,zhanggarcia541
50,Male,Zhang,Smith,zhangsmith542
70,Female,Hana,Hernandez,hanahernandez543
45,Female,Sofia,Nguyen,sofianguyen544
29,Male,James,Brown,jamesbrown545
45,Female,Leila,Wang,leilawang546
38,Male,Chen,Alvarez,chenalvarez547
50,Male,Daniel,Garcia,danielgarcia548
35,Male,David,Brown,davidbrown549
55,Male,Daniel,Brown,danielbrown550
60,Male,Daniel,Singh,danielsingh551
50,Male,James,Gonzalez,jamesgonzalez552
50,Male,Carlos,Gonzalez,carlosgonzalez553
31,Male,John,Kim,johnkim554
70,Male,Daniel,Brown,danielbrown555
42,Male,Mohammed,Garcia,mohammedgarcia556
35,Female,Leila,Davies,leiladavies557
38,Female,Sofia,Rodriguez,sofiarodriguez558
30,Male,Mohammed,Gonzalez,mohammedgonzalez559
31,Male,James,Brown,jamesbrown560
42,Male,Raj,Lee,rajlee561
42,Male,Mohammed,Singh,mohammedsingh562
35,Female,Ayumi,Davies,ayumidavies563
30,Female,Emily,Rodriguez,emilyrodriguez564
38,Male,David,Brown,davidbrown565
45,Male,David,Kim,davidkim566
30,Female,Sofia,Nguyen,sofianguyen567
45,Female,Ayumi,Jackson,ayumijackson568
50,Male,Chen,Alvarez,chenalvarez569
40,Male,Daniel,Patel,danielpatel570
40,Male,Daniel,Brown,danielbrown571
45,Male,Chen,Smith,chensmith572
50,Male,John,Gonzalez,johngonzalez573
50,Female,Aditi,Yamada,aditiyamada574
50,Male,Carlos,Kim,carloskim575
70,Male,Chen,Patel,chenpatel576
42,Male,Carlos,Kim,carloskim577
50,Female,Sofia,Yamada,sofiayamada578
35,Male,James,Gonzalez,jamesgonzalez579
28,Female,Olivia,Yamada,oliviayamada580
35,Female,Hana,Jackson,hanajackson581
55,Male,James,Chen,jameschen582
50,Female,Maria,Davies,mariadavies583
25,Female,Emily,Hernandez,emilyhernandez584
45,Male,Chen,Kim,chenkim585
40,Female,Emily,Hernandez,emilyhernandez586
45,Male,John,Kim,johnkim587
45,Female,Nina,Jackson,ninajackson588
60,Male,Chen,Kim,chenkim589
40,Male,Chen,Smith,chensmith590
45,Female,Maria,Davies,mariadavies591
25,Male,John,Garcia,johngarcia592
30,Female,Nina,Hernandez,ninahernandez593
45,Female,Hana,Nguyen,hananguyen594
70,Male,Mohammed,Garcia,mohammedgarcia595
40,Female,Nina,Khan,ninakhan596
65,Female,Emily,Martinez,emilymartinez597
70,Female,Maria,Hernandez,mariahernandez598
42,Female,Emily,Nguyen,emilynguyen599
65,Female,Leila,Martinez,leilamartinez600
50,Male,Mohammed,Lee,mohammedlee601
60,Female,Aditi,Wang,aditiwang602
40,Female,Sofia,Nguyen,sofianguyen603
60,Female,Maria,Wang,mariawang604
35,Female,Fatima,Yamada,fatimayamada605
55,Male,Zhang,Kim,zhangkim606
60,Male,Carlos,Garcia,carlosgarcia607
45,Male,John,Gonzalez,johngonzalez608
45,Male,Carlos,Gonzalez,carlosgonzalez609
35,Male,James,Brown,jamesbrown610
45,Male,John,Gonzalez,johngonzalez611
85,Male,Chen,Patel,chenpatel612
29,Male,Raj,Smith,rajsmith613
30,Female,Hana,Sharma,hanasharma614
40,Male,John,Lee,johnlee615
45,Male,Chen,Lee,chenlee616
40,Female,Maria,Jackson,mariajackson617
52,Male,Chen,Alvarez,chenalvarez618
50,Male,Raj,Gonzalez,rajgonzalez619
40,Male,David,Brown,davidbrown620
35,Female,Maria,Khan,mariakhan621
42,Female,Emily,Sharma,emilysharma622
65,Female,Ayumi,Khan,ayumikhan623
19,Female,Leila,Jackson,leilajackson624
90,Female,Fatima,Davies,fatimadavies625
45,Male,David,Singh,davidsingh626
45,Female,Hana,Martinez,hanamartinez627
65,Male,Carlos,Smith,carlossmith628
40,Female,Nina,Rodriguez,ninarodriguez629
40,Female,Nina,Hernandez,ninahernandez630
35,Female,Sofia,Yamada,sofiayamada631
30,Male,Zhang,Gonzalez,zhanggonzalez632
45,Male,Daniel,Chen,danielchen633
43,Female,Fatima,Davies,fatimadavies634
45,Male,David,Alvarez,davidalvarez635
65,Female,Fatima,Nguyen,fatimanguyen636
60,Female,Nina,Sharma,ninasharma637
42,Male,Ahmed,Garcia,ahmedgarcia638
35,Female,Sofia,Sharma,sofiasharma639
50,Female,Maria,Khan,mariakhan640
48,Female,Leila,Davies,leiladavies641
55,Male,Zhang,Lee,zhanglee642
50,Male,Chen,Patel,chenpatel643
45,Female,Emily,Hernandez,emilyhernandez644
50,Female,Hana,Jackson,hanajackson645
42,Female,Olivia,Sharma,oliviasharma646
29,Female,Hana,Yamada,hanayamada647
30,Female,Aditi,Nguyen,aditinguyen648
50,Male,Ahmed,Singh,ahmedsingh649
65,Male,Daniel,Lee,daniellee650
29,Female,Leila,Davies,leiladavies651
40,Male,David,Garcia,davidgarcia652
19,Female,Emily,Rodriguez,emilyrodriguez653
31,Female,Aditi,Martinez,aditimartinez654
55,Female,Aditi,Wang,aditiwang655
42,Male,Carlos,Lee,carloslee656
29,Female,Fatima,Jackson,fatimajackson657
70,Male,David,Brown,davidbrown658
50,Male,Ahmed,Brown,ahmedbrown659
55,Male,Zhang,Lee,zhanglee660
42,Male,David,Patel,davidpatel661
25,Female,Aditi,Martinez,aditimartinez662
40,Male,Chen,Garcia,chengarcia663
90,Female,Aditi,Wang,aditiwang664
45,Female,Aditi,Martinez,aditimartinez665
35,Male,Chen,Alvarez,chenalvarez666
40,Female,Sofia,Hernandez,sofiahernandez667
45,Female,Emily,Wang,emilywang668
65,Female,Nina,Sharma,ninasharma669
45,Female,Fatima,Hernandez,fatimahernandez670
30,Male,John,Patel,johnpatel671
50,Male,Ahmed,Smith,ahmedsmith672
30,Male,Zhang,Smith,zhangsmith673
50,Male,Chen,Gonzalez,chengonzalez674
45,Female,Fatima,Wang,fatimawang675
42,Female,Maria,Nguyen,marianguyen676
45,Male,David,Smith,davidsmith677
50,Male,Daniel,Brown,danielbrown678
50,Male,Ahmed,Gonzalez,ahmedgonzalez679
52,Male,Chen,Gonzalez,chengonzalez680
30,Male,Zhang,Gonzalez,zhanggonzalez681
30,Female,Olivia,Sharma,oliviasharma682
55,Male,David,Patel,davidpatel683
35,Male,David,Kim,davidkim684
55,Female,Nina,Wang,ninawang685
45,Female,Sofia,Sharma,sofiasharma686
60,Female,Leila,Hernandez,leilahernandez687
28,Female,Olivia,Jackson,oliviajackson688
65,Male,Carlos,Lee,carloslee689
60,Male,Ahmed,Chen,ahmedchen690
52,Male,David,Garcia,davidgarcia691
55,Female,Hana,Yamada,hanayamada692
25,Male,Carlos,Gonzalez,carlosgonzalez693
40,Male,Daniel,Gonzalez,danielgonzalez694
60,Female,Leila,Nguyen,leilanguyen695
35,Male,David,Lee,davidlee696
42,Male,Zhang,Alvarez,zhangalvarez697
50,Male,Carlos,Gonzalez,carlosgonzalez698
50,Female,Hana,Sharma,hanasharma699
45,Female,Ayumi,Sharma,ayumisharma700
55,Female,Fatima,Rodriguez,fatimarodriguez701
70,Female,Maria,Jackson,mariajackson702
60,Male,Daniel,Garcia,danielgarcia703
35,Male,Carlos,Singh,carlossingh704
50,Male,James,Singh,jamessingh705
70,Female,Aditi,Jackson,aditijackson706
65,Male,Ahmed,Singh,ahmedsingh707
60,Male,Zhang,Brown,zhangbrown708
45,Female,Leila,Yamada,leilayamada709
38,Female,Hana,Davies,hanadavies710
38,Female,Hana,Yamada,hanayamada711
38,Female,Aditi,Rodriguez,aditirodriguez712
65,Male,John,Alvarez,johnalvarez713
25,Female,Hana,Rodriguez,hanarodriguez714
45,Female,Emily,Wang,emilywang715
40,Male,Zhang,Alvarez,zhangalvarez716
55,Female,Leila,Wang,leilawang717
30,Female,Sofia,Jackson,sofiajackson718
31,Male,Mohammed,Kim,mohammedkim719
45,Female,Leila,Yamada,leilayamada720
45,Male,Daniel,Gonzalez,danielgonzalez721
35,Male,Ahmed,Gonzalez,ahmedgonzalez722
42,Female,Emily,Martinez,emilymartinez723
35,Female,Olivia,Rodriguez,oliviarodriguez724
35,Female,Ayumi,Davies,ayumidavies725
19,Female,Fatima,Yamada,fatimayamada726
31,Male,Chen,Chen,chenchen727
45,Male,Zhang,Singh,zhangsingh728
48,Male,John,Alvarez,johnalvarez729
55,Female,Maria,Hernandez,mariahernandez730
60,Female,Aditi,Rodriguez,aditirodriguez731
30,Female,Maria,Yamada,mariayamada732
90,Female,Sofia,Nguyen,sofianguyen733
35,Male,David,Kim,davidkim734
35,Female,Leila,Davies,leiladavies735
30,Female,Maria,Wang,mariawang736
42,Male,James,Patel,jamespatel737
55,Female,Hana,Yamada,hanayamada738
45,Male,James,Kim,jameskim739
40,Male,James,Patel,jamespatel740
55,Female,Hana,Khan,hanakhan741
65,Male,Zhang,Lee,zhanglee742
55,Female,Olivia,Yamada,oliviayamada743
31,Female,Nina,Wang,ninawang744
50,Female,Aditi,Sharma,aditisharma745
50,Male,Zhang,Chen,zhangchen746
55,Female,Aditi,Wang,aditiwang747
65,Male,Chen,Smith,chensmith748
39,Female,Ayumi,Khan,ayumikhan749
55,Male,David,Lee,davidlee750
60,Female,Leila,Khan,leilakhan751
50,Male,James,Garcia,jamesgarcia752
50,Male,Chen,Kim,chenkim753
70,Female,Aditi,Rodriguez,aditirodriguez754
35,Female,Nina,Sharma,ninasharma755
35,Male,Chen,Kim,chenkim756
38,Female,Hana,Rodriguez,hanarodriguez757
45,Female,Hana,Davies,hanadavies758
55,Male,Chen,Patel,chenpatel759
50,Male,David,Patel,davidpatel760
60,Female,Emily,Nguyen,emilynguyen761
65,Male,James,Brown,jamesbrown762
38,Female,Maria,Sharma,mariasharma763
70,Female,Hana,Davies,hanadavies764
60,Male,Carlos,Gonzalez,carlosgonzalez765
70,Male,Zhang,Smith,zhangsmith766
85,Male,Mohammed,Garcia,mohammedgarcia767
65,Female,Aditi,Yamada,aditiyamada768
55,Female,Hana,Davies,hanadavies769
45,Male,Carlos,Brown,carlosbrown770
70,Male,Raj,Chen,rajchen771
30,Female,Leila,Wang,leilawang772
55,Female,Hana,Sharma,hanasharma773
38,Female,Aditi,Jackson,aditijackson774
31,Male,Raj,Garcia,rajgarcia775
35,Male,Zhang,Patel,zhangpatel776
40,Male,Daniel,Lee,daniellee777
60,Male,David,Garcia,davidgarcia778
40,Female,Sofia,Yamada,sofiayamada779
45,Female,Maria,Martinez,mariamartinez780
70,Male,Zhang,Gonzalez,zhanggonzalez781
56,Male,Daniel,Kim,danielkim782
70,Male,Daniel,Alvarez,danielalvarez783
35,Female,Aditi,Sharma,aditisharma784
30,Female,Sofia,Davies,sofiadavies785
55,Male,James,Smith,jamessmith786
31,Male,Mohammed,Chen,mohammedchen787
48,Male,Zhang,Kim,zhangkim788
40,Male,Carlos,Chen,carloschen789
50,Male,John,Chen,johnchen790
30,Female,Hana,Khan,hanakhan791
52,Male,Chen,Gonzalez,chengonzalez792
38,Male,Raj,Patel,rajpatel793
55,Female,Aditi,Davies,aditidavies794
42,Male,Carlos,Alvarez,carlosalvarez795
45,Male,Carlos,Garcia,carlosgarcia796
70,Male,Mohammed,Lee,mohammedlee797
35,Male,Ahmed,Alvarez,ahmedalvarez798
25,Female,Ayumi,Wang,ayumiwang799
45,Female,Hana,Yamada,hanayamada800
60,Female,Ayumi,Rodriguez,ayumirodriguez801
45,Male,John,Patel,johnpatel802
45,Male,Raj,Alvarez,rajalvarez803
42,Female,Olivia,Jackson,oliviajackson804
35,Female,Emily,Hernandez,emilyhernandez805
43,Female,Olivia,Hernandez,oliviahernandez806
35,Male,Chen,Garcia,chengarcia807
40,Male,John,Garcia,johngarcia808
31,Male,Mohammed,Chen,mohammedchen809
60,Male,David,Alvarez,davidalvarez810
25,Male,Chen,Singh,chensingh811
35,Male,Raj,Gonzalez,rajgonzalez812
45,Female,Maria,Yamada,mariayamada813
65,Female,Olivia,Rodriguez,oliviarodriguez814
29,Male,James,Singh,jamessingh815
65,Female,Aditi,Sharma,aditisharma816
19,Female,Nina,Hernandez,ninahernandez817
40,Male,Ahmed,Alvarez,ahmedalvarez818
50,Male,John,Singh,johnsingh819
29,Female,Emily,Martinez,emilymartinez820
85,Male,Ahmed,Lee,ahmedlee821
30,Male,Carlos,Smith,carlossmith822
30,Female,Fatima,Rodriguez,fatimarodriguez823
35,Female,Ayumi,Martinez,ayumimartinez824
50,Male,Zhang,Singh,zhangsingh825
60,Female,Hana,Davies,hanadavies826
35,Female,Emily,Martinez,emilymartinez827
60,Male,Carlos,Kim,carloskim828
55,Female,Nina,Jackson,ninajackson829
30,Female,Maria,Wang,mariawang830
40,Female,Emily,Davies,emilydavies831
50,Male,Daniel,Smith,danielsmith832
50,Female,Maria,Hernandez,mariahernandez833
35,Female,Maria,Davies,mariadavies834
38,Male,Ahmed,Patel,ahmedpatel835
65,Female,Maria,Wang,mariawang836
30,Female,Aditi,Hernandez,aditihernandez837
35,Male,Raj,Kim,rajkim838
70,Female,Olivia,Wang,oliviawang839
30,Male,Ahmed,Garcia,ahmedgarcia840
60,Female,Nina,Wang,ninawang841
55,Female,Maria,Martinez,mariamartinez842
25,Female,Emily,Khan,emilykhan843
40,Male,Carlos,Gonzalez,carlosgonzalez844
55,Male,Chen,Chen,chenchen845
45,Male,John,Gonzalez,johngonzalez846
50,Male,Zhang,Singh,zhangsingh847
60,Female,Nina,Yamada,ninayamada848
40,Male,Mohammed,Smith,mohammedsmith849
35,Female,Sofia,Rodriguez,sofiarodriguez850
50,Male,James,Kim,jameskim851
29,Female,Fatima,Davies,fatimadavies852
30,Male,Mohammed,Singh,mohammedsingh853
35,Female,Aditi,Khan,aditikhan854
50,Female,Olivia,Rodriguez,oliviarodriguez855
42,Male,Daniel,Patel,danielpatel856
29,Female,Leila,Martinez,leilamartinez857
45,Female,Nina,Martinez,ninamartinez858
65,Male,James,Chen,jameschen859
25,Female,Fatima,Khan,fatimakhan860
25,Female,Maria,Sharma,mariasharma861
38,Male,Mohammed,Patel,mohammedpatel862
50,Male,Chen,Alvarez,chenalvarez863
50,Female,Nina,Nguyen,ninanguyen864
57,Male,Ahmed,Lee,ahmedlee865
60,Female,Hana,Sharma,hanasharma866
50,Female,Emily,Rodriguez,emilyrodriguez867
29,Male,Daniel,Kim,danielkim868
45,Female,Leila,Martinez,leilamartinez869
40,Male,Carlos,Smith,carlossmith870
30,Male,Zhang,Lee,zhanglee871
45,Male,Chen,Gonzalez,chengonzalez872
30,Female,Leila,Martinez,leilamartinez873
56,Male,Daniel,Kim,danielkim874
50,Female,Aditi,Martinez,aditimartinez875
35,Male,Ahmed,Singh,ahmedsingh876
40,Male,Raj,Kim,rajkim877
60,Male,Zhang,Singh,zhangsingh878
30,Male,Ahmed,Patel,ahmedpatel879
42,Female,Nina,Hernandez,ninahernandez880
29,Female,Emily,Jackson,emilyjackson881
50,Male,Raj,Lee,rajlee882
30,Male,Daniel,Patel,danielpatel883
35,Male,Raj,Patel,rajpatel884
35,Female,Ayumi,Wang,ayumiwang885
50,Male,Mohammed,Gonzalez,mohammedgonzalez886
38,Male,Mohammed,Alvarez,mohammedalvarez887
42,Male,Mohammed,Brown,mohammedbrown888
38,Male,Carlos,Chen,carloschen889
50,Male,Daniel,Garcia,danielgarcia890
38,Male,David,Garcia,davidgarcia891
30,Female,Hana,Yamada,hanayamada892
38,Male,Chen,Gonzalez,chengonzalez893
55,Female,Hana,Khan,hanakhan894
50,Female,Sofia,Yamada,sofiayamada895
35,Male,John,Kim,johnkim896
30,Female,Nina,Nguyen,ninanguyen897
38,Male,Ahmed,Gonzalez,ahmedgonzalez898
25,Female,Nina,Rodriguez,ninarodriguez899
45,Male,James,Kim,jameskim900
60,Male,John,Garcia,johngarcia901
65,Female,Ayumi,Sharma,ayumisharma902
50,Male,Chen,Singh,chensingh903
65,Male,Chen,Gonzalez,chengonzalez904
50,Male,Chen,Chen,chenchen905
60,Female,Leila,Jackson,leilajackson906
42,Female,Maria,Sharma,mariasharma907
60,Male,John,Singh,johnsingh908
45,Male,James,Brown,jamesbrown909
35,Female,Emily,Khan,emilykhan910
39,Female,Leila,Davies,leiladavies911
25,Male,Raj,Lee,rajlee912
70,Male,Mohammed,Smith,mohammedsmith913
65,Female,Leila,Martinez,leilamartinez914
35,Male,Carlos,Garcia,carlosgarcia915
42,Male,James,Brown,jamesbrown916
65,Male,John,Alvarez,johnalvarez917
40,Female,Nina,Wang,ninawang918
55,Female,Hana,Sharma,hanasharma919
55,Male,Mohammed,Kim,mohammedkim920
30,Male,David,Chen,davidchen921
30,Male,Daniel,Alvarez,danielalvarez922
50,Male,Carlos,Smith,carlossmith923
30,Female,Ayumi,Hernandez,ayumihernandez924
50,Male,David,Lee,davidlee925
25,Female,Olivia,Davies,oliviadavies926
65,Female,Nina,Rodriguez,ninarodriguez927
50,Male,John,Alvarez,johnalvarez928
35,Male,David,Chen,davidchen929
25,Male,Chen,Gonzalez,chengonzalez930
70,Male,Carlos,Brown,carlosbrown931
40,Female,Fatima,Davies,fatimadavies932
40,Male,Daniel,Alvarez,danielalvarez933
35,Female,Maria,Khan,mariakhan934
35,Male,Zhang,Alvarez,zhangalvarez935
45,Female,Leila,Khan,leilakhan936
70,Male,Chen,Patel,chenpatel937
48,Female,Nina,Martinez,ninamartinez938
30,Male,Zhang,Singh,zhangsingh939
45,Male,David,Gonzalez,davidgonzalez940
60,Male,David,Patel,davidpatel941
40,Male,Chen,Brown,chenbrown942
65,Female,Fatima,Yamada,fatimayamada943
40,Male,Daniel,Lee,daniellee944
65,Male,Carlos,Gonzalez,carlosgonzalez945
60,Male,James,Smith,jamessmith946
50,Male,James,Patel,jamespatel947
50,Female,Hana,Nguyen,hananguyen948
29,Female,Fatima,Wang,fatimawang949
40,Male,Zhang,Brown,zhangbrown950
40,Male,Ahmed,Kim,ahmedkim951
30,Female,Aditi,Martinez,aditimartinez952
19,Female,Ayumi,Rodriguez,ayumirodriguez953
35,Male,Raj,Kim,rajkim954
40,Male,John,Alvarez,johnalvarez955
65,Female,Sofia,Rodriguez,sofiarodriguez956
30,Female,Olivia,Rodriguez,oliviarodriguez957
60,Male,Ahmed,Patel,ahmedpatel958
40,Male,Carlos,Gonzalez,carlosgonzalez959
70,Male,Chen,Garcia,chengarcia960
55,Female,Leila,Jackson,leilajackson961
45,Male,David,Brown,davidbrown962
45,Female,Maria,Nguyen,marianguyen963
28,Female,Maria,Yamada,mariayamada964
55,Female,Hana,Davies,hanadavies965
40,Female,Sofia,Martinez,sofiamartinez966
45,Male,Chen,Smith,chensmith967
29,Female,Fatima,Yamada,fatimayamada968
45,Male,James,Smith,jamessmith969
40,Female,Nina,Wang,ninawang970
35,Male,Chen,Garcia,chengarcia971
65,Female,Leila,Wang,leilawang972
65,Female,Leila,Hernandez,leilahernandez973
38,Male,Chen,Kim,chenkim974
70,Female,Olivia,Yamada,oliviayamada975
56,Male,Zhang,Smith,zhangsmith976
55,Male,Raj,Brown,rajbrown977
30,Female,Sofia,Wang,sofiawang978
35,Female,Fatima,Hernandez,fatimahernandez979
35,Male,John,Garcia,johngarcia980
65,Male,James,Patel,jamespatel981
35,Female,Olivia,Rodriguez,oliviarodriguez982
65,Female,Leila,Wang,leilawang983
50,Female,Olivia,Davies,oliviadavies984
70,Male,Raj,Brown,rajbrown985
40,Female,Aditi,Sharma,aditisharma986
35,Male,James,Gonzalez,jamesgonzalez987
30,Female,Maria,Davies,mariadavies988
19,Female,Hana,Khan,hanakhan989
60,Female,Aditi,Jackson,aditijackson990
65,Female,Hana,Khan,hanakhan991
35,Female,Hana,Sharma,hanasharma992
65,Female,Emily,Davies,emilydavies993
90,Female,Fatima,Davies,fatimadavies994
70,Female,Ayumi,Martinez,ayumimartinez995
55,Female,Maria,Yamada,mariayamada996
50,Male,Carlos,Brown,carlosbrown997
55,Female,Fatima,Yamada,fatimayamada998
65,Female,Ayumi,Yamada,ayumiyamada999
